어항명,보고서경도,보고서위도,경도,위도,주소,비고
창대항,129.43,36.41,129.426003,36.406076,경상북도 영덕군 영덕읍 영덕대게로 782,창대항(창포항)
창후항,126.35,37.77,126.3543,37.770317,인천광역시 강화군 하점면 창후로 320,창후항
채석포항,126.23,36.69,126.229114,36.694563,충청남도 태안군 근흥면 용도로 258,채석포항
천리포항,126.15,36.8,126.146236,36.80337,충청남도 태안군 소원면 천리포2길 61,천리포항
천부항,130.87,37.54,130.872316,37.540586,경상북도 울릉군 북면 천부길 2,천부항
청사포항,129.19,35.16,129.191215,35.159677,부산광역시 해운대구 청사포로128번길 18,청사포항
초곡항,129.29,37.31,129.293622,37.310536,강원도 삼척시 근덕면 초곡길 236-20,초곡항
추포항,126.08,34.8,126.078578,34.796258,전라남도 신안군 암태면 추엽길 174-85,추포항
충도항,127.07,34.38,127.074423,34.379268,전라남도 완도군 금일읍 금일충도길 4,충도항
칠암항,129.26,35.3,129.261313,35.300109,부산광역시 기장군 일광면 문오성길 476,칠암항
탄도항,126.6,37.25,126.646245,37.190412,경기도 안산시 단원구 대부황금로 5-14,탄도항
태하항,130.8,37.51,130.797811,37.510669,경상북도 울릉군 서면 태하2길 6,태하항
태흥2리항,126.75,33.29,126.751165,33.286089,제주특별자치도 서귀포시 남원읍 남태해안로 509 ,태흥2리항
톱머리항,126.39,34.97,126.390052,34.966679,전라남도 무안군 망운면 톱머리길 11,톱머리항
통개항,126.14,36.72,126.14285,36.725465,충청남도 태안군 소원면 통개항길 36-46,통개항
통구미항,130.86,37.46,130.857016,37.46033,경상북도 울릉군 서면 울릉순환로 1065-8,통구미항
평림항,128.4,34.86,128.397862,34.860126,경상남도 통영시 평인일주로 831 ,평림항
포교항,128.27,34.9,128.274973,34.905104,경상남도 고성군 삼산면 두포1길2 02-17 ,포교항
표선항,126.85,33.33,126.845893,33.325817,제주특별자치도 서귀포시 표선면 표선당포로16-7 ,표선항
풍도항,126.39,37.11,126.393808,37.112013,경기도 안산시 단원구 풍도길 3,풍도항
하귀1리항,126.41,33.49,126.40688,33.486024,제주특별자치도 제주시 애월읍 하귀1리 1624-6 ,하귀1리항
구암항,127.29,34.47,127.292057,34.47174,전라남도 고흥군 도화면 목섬선창길 49-9,하동항에서 구암항으로 변경(2021.05.20)
하청항,128.65,34.96,128.647935,34.960357,경상남도 거제시 하청면 연하해안로 1608 ,하청항
하촌항,128.25,34.94,128.245496,34.938487,경상남도 고성군 삼산면 삼봉리 502-8,하촌항
하태항,125.29,34.43,125.298048,34.393881,전라남도 신안군 흑산면 장굴길 9-5,하태항
하포항,128.48,34.76,128.477821,34.761001,경상남도 통영시 한산면 한산일주로 1205-5,하포항
하효항,126.62,33.25,126.620191,33.24929,제주특별자치도 서귀포시 쇠소깍로 151-10 ,하효항
학가항,126.49,34.41,126.490222,34.405167,전라남도 해남군 송지면 학가1길 260,학가항
학리항,129.24,35.26,129.246259,35.259409,부산광역시 기장군 일광면 학리등대로 54,학리항
학림항,128.41,34.75,128.407765,34.748543,경상남도 통영시 산양읍 학림길 95 ,학림항
학암포항,126.21,36.9,126.206942,36.901433,충청남도 태안군 원북면 옥파로 1216,학암포항
한내항,128.61,34.92,128.609552,34.924022,경상남도 거제시 연초면 연하해안로 701-11 ,한내항
함구미항,127.71,34.54,127.70953,34.53814,전라남도 여수시 남면 용머리길 34-7,함구미항
항도항,128.05,34.74,128.049955,34.740776,경상남도 남해군 미조면 동부대로 310번길 33,항도항
항촌항,127.86,34.73,127.860407,34.731407,경상남도 남해군 남면남면로 1031번길 39-9 ,항촌항
광승항,,,,,전북 고창군 해리면 광승리,
호도항,126.26,36.3,126.265307,36.3036,충청남도 보령시 오천면 호도길 10-2,호도항
호령항,127.65,34.57,127.646663,34.566001,전라남도 여수시 화정면 호령길 44,호령항
호산항,129.34,37.18,129.343994,37.175361,강원도 삼척시 원덕읍 호산3길 166,호산항
화도항,125.94,34.72,125.936269,34.71599,전라남도 신안군 도초면 불섬길 102,화도항
화북항,126.57,33.52,126.565784,33.525954,제주특별자치도 제주시 진북길 13 ,화북항
화전항,127.02,34.35,127.018959,34.353395,전라남도 완도군 금일읍 금일로274번길 28,화전항
당목항,126.94,34.37,126.946128,34.378412,전라남도 완도군 약산면 해동2길 6,
물막구미항,,,,,전라남도 완도군 노화읍 포전리,
고리포항,,,,,전북 고창군 상하면 자룡리,
동고(노화)항,,,,,전남 완도군 노화읍 동고,
동고(신지)항,,,,,전남 완도군 신지면 동고,
서래포구항,,,,,전북 군산시 중동,
울도항,,,,,인천 옹진군 덕적면 울도리,
화포항,127.48,34.84,127.484771,34.839781,전라남도 순천시 별량면 화포길 33,화포항
황포항,128.67,35.02,128.674476,35.026355,경상남도 거제시 장목면 구영리 1181-1,황포항
횡간항,127.76,34.58,127.7571,34.579716,전라남도 여수시 남면 횡간해안길 24,횡간항
효자도항,126.44,36.38,126.439376,36.384027,충청남도 보령시 오천면 효자도길 38,효자도항
후포항,126.39,37.64,126.391751,37.641072,인천광역시 강화군 화도면 해안남로 2807-1,후포항
천진항,128.56,38.26,128.560753,38.259413,강원도 고성군 토성면 천진해변길 46,천진항
비소항,,,,,전라남도 신안군 장산면 공수리,
축강항,,,,,전라남도 신안군 장산면 팽진리,
솔목항,,,,,전라남도 신안군 장산면 팽진리,
활목항,,,,,전라남도 신안군 장산면 팽진리,
호피항,,,,,전라남도 신안군 장산면 팽진리,
사근항,,,,,전라남도 신안군 장산면 팽진리,
백야항,,,,,전라남도 신안군 장산면 팽진리,
앤두항,,,,,전라남도 신안군 장산면 다수리,
막금항,,,,,전라남도 신안군 장산면 팽진리,
마진항,,,,,전라남도 신안군 장산면 마진리,
율도항,,,,,전라남도 신안군 장산면 마진리,
금산항,,,,,전라남도 신안군 안좌면 금산리,
복호항,,,,,전라남도 신안군 안좌면 복호리,
자라1항,,,,,전라남도 신안군 안좌면 자라리,
자라2항,,,,,전라남도 신안군 안좌면 자라리,
계림항,,,,,전라남도 신안군 안좌면 자라리,
해달피항,,,,,전라남도 신안군 안좌면 자라리,
부소항,,,,,전라남도 신안군 안좌면 존포리,
퇴촌항,,,,,전라남도 신안군 안좌면 반월리,
반월항,,,,,전라남도 신안군 안좌면 반월리,
박지항,,,,,전라남도 신안군 안좌면 박지리,
돈목항,,,,,전라남도 신안군 도초면 우이리,
성촌항,,,,,전라남도 신안군 도초면 우이리,
구대항,,,,,전라남도 신안군 안좌면 구대리,
우목항,,,,,전라남도 신안군 안좌면 우목리,
두리항,,,,,전라남도 신안군 안좌면 소곡리,
내호항,,,,,전라남도 신안군 안좌면 내호리,
읍동항,,,,,전라남도 신안군 안좌면 읍동리,
마진항,,,,,전라남도 신안군 안좌면 마진리,
오동항,,,,,전라남도 신안군 안좌면 시서리,
북지항,,,,,전라남도 신안군 안좌면 한운리,
사치항,,,,,전라남도 신안군 안좌면 사치리,
앞너리항,,,,,전라남도 신안군 안좌면 읍동리,
재섬항,,,,,전라남도 신안군 안좌면 금산리,
진번항,,,,,전라남도 신안군 안좌면 소곡리,
자라어민항,,,,,전라남도 신안군 안좌면 소곡리,
백계항,,,,,전라남도 신안군 팔금면 장촌리,
원산항,,,,,전라남도 신안군 팔금면 원산리,
북진항,,,,,전라남도 신안군 팔금면 장목리,
뛰섬항,,,,,전라남도 신안군 팔금면 읍리,
거문항,,,,,전라남도 신안군 팔금면 이목리,
매도항,,,,,전라남도 신안군 팔금면 이목리,
중리항,,,,,부산광역시 영도구 동삼동 632-1번지 일원,
하리항,,,,,부산광역시 영도구 동삼동764-7번지 일원,
용호항,,,,,부산광역시 남구 용호3동 5-8번지 일원,
구덕포항,,,,,부산광역시 해운대구 송정동 799-23번지 일원,
미포항,129.17,35.15,129.1717,35.1579,부산광역시 해운대구 달맞이길62번길 50-1 (중동),
하단항,,,,,부산광역시 사하구 하단동 1165-31번지 일원,
명지항,,,,,부산광역시 강서구 영강길 20(명지동) 일원,
동리항,,,,,부산광역시 강서구 명지동 2630-1번지 일원,
녹산항,,,,,부산광역시 강서구 녹산동 92-2번지 일원,
외눌항,,,,,부산광역시 강서구 눌차동562-28일원,
동선항,,,,,부산광역시 강서구 동선동 201-25번지 일원,
정거항,,,,,부산광역시 강서구 눌차동 75-7일원,
선창항,,,,,부산광역시 강서구 성북동 2-13일원,
두문항,,,,,부산광역시 강서구 천성동 1339-25일원,
외양포항,,,,,부산광역시 강서구 가덕해안로 1309(대항동)일원,
엄궁항,,,,,부산광역시 사상구 엄궁동 639번지,
임랑항,,,,,부산광역시 기장군 장안읍 임랑리 145-6 일원,
길천항,,,,,부산광역시 기장군 장안읍 길천리 188-62일원,
신평항,,,,,부산광역시 기장군 일광면 신평리 47-9일원,
월전항,,,,,부산광역시 기장군 기장읍 죽성리 154-20일원,
서암항,,,,,부산광역시 기장군 기장읍 연화리 297-6일원,
을왕항,,,,,인천광역시 중구 을왕동 773-27,
신촌항,,,,,전라남도 신안군 신의면 상태서리,
기동항,,,,,전라남도 신안군 신의면 하태서리,
왕산항,,,,,인천광역시 중구 을왕동 810-4,
택리항,,,,,인천광역시 강화군 길상면 선두리,
미루지항,,,,,인천광역시 강화군 화도면 여차리,
황청항,,,,,인천광역시 강화군 내가면 황청리,
죽산포항,,,,,인천광역시 강화군 교동면 동산리 407-3,
남산포항,,,,,인천광역시 강화군 교동면 읍내리,
월선포항,,,,,인천광역시 강화군 교동면 상용리,
사하동항,,,,,인천광역시 강화군 삼산면 매음리,
서검항,,,,,인천광역시 강화군 삼산면 서검리,
석모항,,,,,인천광역시 강화군 삼산면 석모리,
내진항,,,,,인천광역시 강화군 삼산면 석포리,
미법항,,,,,인천광역시 강화군 삼산면 미법리,
하리항,,,,,인천광역시 강화군 삼산면 하리 67-7,
상리항,,,,,인천광역시 강화군 삼산면 상리,
동진항,,,,,인천광역시 강화군 교동면 읍내리,
나무께항,,,,,인천광역시 강화군 삼산면 석포리,
말도항,,,,,인천광역시 강화군 서도면 말도리,
볼음항,,,,,인천광역시 강화군 서도면 볼음도리17-6,
아차항,,,,,인천광역시 강화군 서도면 아차도리39-1,
아진포항,,,,,인천광역시 옹진군 대청면 소청2리,
사탄동항,,,,,인천광역시 옹진군 대청면 대청4리,
예동항,,,,,인천광역시 옹진군 대청면 소청1리,
신도1리항,,,,,인천광역시 옹진군 북도면 신도1리,
시도항,,,,,인천광역시 옹진군 북도면 시도리,
모도항,,,,,인천광역시 옹진군 북도면 모도리,
야달항,,,,,인천광역시 옹진군 북도면 장봉2리,
대빈창항,,,,,인천광역시 옹진군 북도면 장봉3리,
사항포항,,,,,인천광역시 옹진군 백령면 가을3리,
오군포항,,,,,인천광역시 옹진군 백령면 남포2리,
분암포항,,,,,인천광역시 옹진군 대청면 소청리,
텃골항,,,,,인천광역시 옹진군 덕적면 소야리,
선촌항,,,,,인천광역시 옹진군 덕적면 소야리,
굴업항,,,,,인천광역시 옹진군 덕적면 서포3리,
이일레항,,,,,인천광역시 옹진군 자월면 승봉리,
계남항,,,,,인천광역시 옹진군 자월면 이작1리,
벌안항,,,,,인천광역시 옹진군 자월면 이작2리,
화암항,129.41,25.37,129.4149,35.4792,울산광역시 동구 방어동1022-11번지,
남상진항,129.42,35.48,129.4209,35.482,울산광역시 동구 방어동 233번지,
남진항,,,,,울산광역시 동구 방어동 868-26번지 지선,
일산항,129.43,35.5,129.4349,35.5,울산광역시 동구 일산동 290번지,
보밑항,,,,,울산광역시 동구 주전동 739-3번지 지선,
하리항,,,,,울산광역시 동구 주전동 297-1번지 지선,
큰불항,,,,,울산광역시 동구 주전동 153-2번지 지선,
화암항,,,,,울산광역시 북구 산하동 7-2번지일원,
판지항,,,,,울산광역시북구구유동296-1번지일원,
윗우가항,,,,,울산광역시 북구 당사동112-11번지일원,
우가항,,,,,울산광역시 북구 당사동152-4번지일원,
석천항대체시설항,,,,,경기도 화성시 우정읍 매향리 970-2 인근,
신오이도항,,,,,경기도 시흥시 정왕동 2377(중간선착장),
구오이도항,,,,,경기도 시흥시 정왕동 2199-1 인근(배다리선착장),
동동항,,,,,경기도 안산시 단원구 동동 산314-18,
말부흥항,,,,,경기도 안산시 단원구 남동 산387,
흘곳항,,,,,경기도 안산시 단원구 남동 산1345-6,
중부흥항,,,,,경기도 안산시 단원구 대부남동 산24-14,
방아머리항,,,,,경기도 안산시 단원구 대부북동 1848-442,
흥성항,,,,,경기도 안산시 단원구 대부남동 산169-5,
권관항,,,,,경기도 평택시 현덕면 평택호길 4,
육도항,,,,,경기도 안산시 단원구 풍도동 (육도) 산297,
누에섬항,,,,,경기도 안산시 단원구 선감동 산170,
오리진항,,,,,강원도 강릉시 주문진읍 주문5리,
강문항,,,,,강원도 강릉시 초당동,
도직항,,,,,강원도 강릉시 옥계면 도직리,
동호항,,,,,강원도 양양군 손양면 동호리,
하광정항,,,,,강원도 양양군 현북면 하광정리,
광진항,,,,,강원도 양양군 현남면 광진리,
청간항,,,,,강원도 고성군 토성면 청간리 54-19,
장은항,,,,,충청남도 보령시 천북면 장은리 1068,
회변항,,,,,충청남도 보령시 천북면 학성리 239-5,
고창개항,,,,,충청남도 서산시 대산읍 오지리 697-9,
개목항,,,,,충청남도 서산시 팔봉면 호리 산54,
장구항,,,,,충청남도 서천군 마서면 한성리 134-6,
고산항,126.17,33.31,126.165486,33.309783,제주특별자치도 제주시 한경면 노을해안로 1161 ,고산항
곤리항,128.37,34.78,128.370042,34.783409,경상남도 통영시 산양읍 곤리길 45,곤리항
골장항,129.42,37.03,129.414979,37.033147,경상북도 울진군 죽변면 골장길 256,골장항
곰소항,126.61,35.59,126.606302,35.585837,전라북도 부안군 진서면 곰소항길 82-1,곰소항
관포항,128.7,34.99,128.697289,34.991245,경상남도 거제시 장목면 관포길 77 ,관포항
관호항,126.04,34.24,126.041381,34.236271,전라남도 진도군 조도면 관매도관호길 61,관호항
광명항,126.44,37.38,126.436531,37.373763,인천광역시 중구 대무의로 523-2,광명항
광천항,127.96,34.87,127.96143,34.866157,경상남도 남해군 창선면 서부로 591번길 39-8 ,광천항
교암항,128.55,38.29,128.548725,38.289743,강원도 고성군 토성면 천학정길 14,교암항
구노량항,127.87,34.95,127.875464,34.947558,경상남도 하동군 금남면 노량리 828,구노량항
구도항,126.33,36.83,126.325973,36.827998,충청남도 서산시 팔봉면 호리 621-3,구도항
구매항,126.25,36.25,126.432639,36.425155,충청남도 태안군 고남면 고남리 26-6,구매항
굴포항,126.21,34.37,126.20878,34.369047,전라남도 진도군 임회면 굴포길 17-94,굴포항
궁리항,126.46,36.59,126.456313,36.589453,충청남도 홍성군 서부면 남당항로 849,궁리항
부항항,,,,,전라남도 완도군 보길면 부황리,
궁항항,126.47,35.6,126.468695,35.598999,전라북도 부안군 변산면 궁항로 143,궁항항
귀덕1리항,126.29,33.45,126.293266,33.445768,제주특별자치도 제주시 한림읍 귀덕11길 23-3 ,귀덕1리항
금능항,127.21,34.74,127.209953,34.737213,전라남도 보성군 득량면 공룡로 1245,금능항
금사항,127.42,34.58,127.417508,34.582993,전라남도 고흥군 영남면 사도진해안길 133,금사항
금진항,127.12,34.49,127.122199,34.490427,전라남도 고흥군 금산면 거금일주로 1,금진항
기사문항,128.43,38,128.731225,38.007774,강원도 양양군 현북면 기사문길 34,기사문항
기성항,129.46,36.8,129.458413,36.803336,경상북도 울진군 기성면 기성2길 6-8,기성항
나사항,129.34,35.36,129.340968,35.35535,울산광역시 울주군 서생면 나사해안길 51,나사항
나정항,129.49,35.78,129.494958,35.776678,경상북도 경주시 감포읍 동해안로 1888-3,나정항
낙지포항,127.97,34.97,127.971044,34.966305,경상남도 사천시 서포면 거북길 468-10 ,낙지포항
난지도항,126.45,37.05,126.45064,37.053912,충청남도 당진시 석문면 난지1길 357,난지도항
남성항,127.41,34.52,127.414836,34.520191,전라남도 고흥군 포두면 천마로 3498-13,남성항
내동항,126.72,34.44,126.724515,34.442597,전라남도 해남군 북일면 사동길 56-55,내동항
내항항,128.46,34.73,128.459937,34.731259,경상남도 통영시 한산면 비진도길 27 ,내항항
냉천항,128.03,34.91,128.028604,34.907053,경상남도 남해군 창선면 동부대로 2860번길 19 ,냉천항
노물항,129.44,36.45,129.434717,36.44535,경상북도 영덕군 영덕읍 노물길 25,노물항
녹도항,126.27,36.27,126.267379,36.269021,충청남도 보령시 오천면 녹도1길 3,녹도항
농소항,128.71,35.01,128.709197,35.008429,경상남도 거제시 장목면 임호2길 2-17 ,농소항
늑도항,128.04,34.92,128.039077,34.924025,경상남도 사천시 늑도길 73 ,늑도항
다사항,126.61,36.1,126.613556,36.095492,충청남도 서천군 비인면 갯벌체험로 944번길 64-12,다사항
다수항,126.15,34.62,126.150689,34.619737,전라남도 신안군 장산면 두두리길 187,다수항
답동항,124.75,37.78,124.745011,37.776564,인천광역시 옹진군 대청면 소청동로 1,답동항
당동항,128.41,34.99,128.408353,34.988697,경상남도 고성군 거류면 당동5길 62-2 ,당동항
당사항,129.46,35.58,129.458457,35.584027,울산광역시 북구 용바위1길 25,당사항
당저항,128.02,34.84,128.01919,34.841134,경상남도 남해군 창선면 동부대로 2084번길 72 ,당저항
당항항,128.38,35.05,128.38456,35.048978,경상남도 고성군 회화면 당항만로 1007 ,당항항
대명항,126.54,37.64,126.540345,37.639015,경기도 김포시 대곶면 대명항1로 107-1,대명항
대무의항,126.41,37.41,126.413862,37.409902,인천광역시 중구 대무의로 30,대무의항
대벽항,128,34.91,127.999233,34.91133,경상남도 남해군 대벽리 859-4,대벽항
대보1리항,129.57,36.07,129.568759,36.068041,경상북도 포항시 남구 호미곶면 해맞이로46번길 11,대보1리항
대영항,127.49,34.5,127.485065,34.505602,전라남도 고흥군 동일면 대영상촌길 19-95,대영항
대통항,127.28,34.5,127.280022,34.500525,전라남도 고흥군 도화면 더수연안길 87,대통항
대포항(제주),126.44,33.24,126.438486,33.23814,제주특별자치도 서귀포시 대포로 172-8,대포항
대항항,128.83,35.01,128.826214,35.011422,부산광역시 강서구 가덕해안로 1210,대항항
덕동항,128.58,35.14,128.578961,35.137505,경상남도 창원시 마산합포구 덕동동 581-11,덕동항
덕우항,127.01,34.25,127.013977,34.249432,전라남도 완도군 생일면 덕우도길 17-1,덕우항
덕촌항,126.89,34.46,126.891353,34.455679,전라남도 장흥군 대덕읍 양하덕촌길 388,덕촌항
덕흥항,127.44,34.53,127.439453,34.529494,전라남도 고흥군 동일면 성두구룡길 159,덕흥항
도리포항,126.35,35.16,126.346329,35.155257,전라남도 무안군 해제면 만송로 823,도리포항
도장포항,128.66,34.74,128.662147,34.74238,경상남도 거제시 남부면 도장포2길 29-2 ,도장포항
불도항,126.64,37.2,126.6445,37.2061,경기도 안산시 단원구 선감동,
동소우이항,,,,,전라남도 신안군 도초면 우이리,
사동항(경북),129.45,36.83,129.448556,36.825317,경상북도 울진군 기성면 사동1길 206-9,육지
정동항,,,,,전라남도 완도군 보길면 정동리,
사동항(전남),127.08,34.34,127.076991,34.334275,전라남도 완도군 금일읍 사동길 55-1,도서
사천진항,128.88,37.84,128.878054,37.834886,강원도 강릉시 진리해변길 68-20,육지
삼길포항,126.45,37,126.453417,37.004978,충청남도 서산시 대산읍 삼길포1로 63,육지
삼덕항,128.38,34.8,128.380208,34.794912,경상남도 통영시 산양읍 원항1길 3,육지
서거차항,125.92,34.25,125.915565,34.249185,전라남도 진도군 조도면 서거차도1길 54,도서
서망항,126.13,34.37,126.134073,34.365474,전라남도 진도군 임회면 서망항길 50-17,육지
선진포항,124.72,37.83,124.716221,37.82819,인천광역시 옹진군 대청면 대청로 22-2,도서
소래포구항,126.74,37.4,126.741521,37.399338,인천광역시 남동구 논현동 장도로 86-18,육지
소안항,127.08,34.34,126.633659,34.151214,전라남도 완도군 소안면 소안로 1079,도서
수산항,128.67,38.08,128.676279,38.078326,강원도 양양군 손양면 수산1길 26-41,육지
수품항,126.31,34.38,126.309762,34.379208,전라남도 진도군 의신면 수품길 67,육지
시산항,127.26,34.39,127.262057,34.395887,전라남도 고흥군 도양읍 시산석금길 26,도서
신수항,128.08,34.9,128.073008,34.902309,경상남도 사천시 신수서길 1-48 ,도서
신양항,126.33,33.94,126.327702,33.941619,제주특별자치도 제주시 추자면 추자로 576-4,도서
아야진항,128.56,38.27,128.557975,38.27224,강원도 고성군 토성면 아야진해변길 101,육지
안도항,127.8,34.48,127.795952,34.478731,전라남도 여수시 남면 서고지길 16,도서
안마항,126.02,35.35,126.01328,35.349027,전라남도 영광군 낙월면 안마길 17,도서
안흥항,126.15,36.68,126.143166,36.678688,충청남도 태안군 근흥면 안흥1길 36,육지
양포항,129.52,35.88,129.52372,35.879562,경상북도 포항시 남구 장기면 양포리 9-32,육지
어란진항,126.48,34.35,126.474818,34.349412,전라남도 해남군 송지면 어란로 469,육지
어유정항,126.34,37.64,126.342939,37.642827,인천광역시 강화군 삼산면 어류정길177번길 117,도서
어청도항,125.98,36.12,125.986109,36.116945,전라북도 군산시 옥도면 어청도길 49-4,도서
여서항,126.92,33.99,126.92186,33.988107,전라남도 완도군 청산면 여서도길 1-1,도서
여호항,127.47,34.66,127.473851,34.661269,전라남도 고흥군 점암면 여호해안길 81,육지
연도항(전남),127.8,34.43,127.798206,34.429781,전라남도 여수시 남면 연도길 300-6,도서
연도항(전북),126.44,36.08,126.444028,36.080249,전라북도 군산시 옥도면 연도1길 1-2,도서
오산항,129.42,36.89,129.418315,36.890569,경상북도 울진군 매화면 망양정로 104,육지
오천항(충남),126.52,36.44,126.519502,36.439966,충청남도 보령시 오천면 소성리 700-86,육지
외연도항,126.08,36.23,126.079672,36.224716,충청남도 보령시 오천면 외연도1길 64,도서
외포항,128.72,34.94,128.720481,34.93884,경상남도 거제시 장목면 외포리 57-2,육지
욕지항,128.27,34.63,128.272932,34.630657,경상남도 통영시 욕지면 욕지일주로 53,도서
우이도항,125.86,34.62,125.857601,34.620498,전라남도 신안군 도초면 우이진리길 16,도서
원전항,128.63,35.07,128.633447,35.067232,경상남도 창원시 마산합포구 구산면 이순신로 734 ,육지
원평항,125.91,34.78,125.912376,34.778393,전라남도 신안군 비금면 원평해수욕장길 65,도서
위도항,126.3,35.62,126.303236,35.61931,전라북도 부안군 위도면 위도로 30,도서
위미항,126.66,33.27,126.66174,33.269792,제주특별자치도 서귀포시 남원읍 위미중앙로196번길 6-13,육지
읍천항,129.47,35.69,129.475996,35.691357,경상북도 경주시 양남면 양남항구길 46,육지
이목항,126.57,34.18,126.570284,34.175973,전라남도 완도군 노화읍 노화로 863,도서
임원항,129.35,37.23,129.344219,37.227364,강원도 삼척시 원덕읍 임원항구로 16,육지
장고항,126.56,37.03,126.562082,37.034028,충청남도 당진시 석문면 장고항로 334-27,육지
장호항,129.32,37.29,129.31638,37.287805,강원도 삼척시 근덕면 장호항길 111,육지
저동항,130.91,37.5,130.911904,37.495733,경상북도 울릉군 울릉읍 봉래1길 19-11,도서
전장포항,126.14,35.14,126.143536,35.136583,전라남도 신안군 임자면 전장포길 908,도서
정자항,129.45,35.62,129.453536,35.615521,울산광역시 북구 정자1길 60-12,육지
죽변항,129.42,37.05,129.420897,37.054048,경상북도 울진군 죽변면 죽변항길 124,육지
지세포항,128.71,34.83,128.710306,34.834946,경상남도 거제시 일운면 지세포해안로 91,육지
천성항,128.82,35.03,128.812035,35.026659,부산광역시 강서구 가덕해안로 761,육지
청산도항,126.85,34.18,126.854186,34.179344,전라남도 완도군 청산면 청산로 49-1,도서
초도항,127.24,34.24,127.240788,34.239431,전라남도 여수시 삼산면 대동해안길 32,도서
초평항,126.34,34.41,126.340566,34.415182,전라남도 진도군 의신면 초사리 509-7,육지
축산항,129.45,36.51,129.449694,36.510033,경상북도 영덕군 축산면 축산항길 75,육지
풍남항,127.25,34.52,127.247527,34.517899,전라남도 고흥군 풍양면 천마로 1418-17,육지
현포항,130.83,37.53,130.826914,37.527921,경상북도 울릉군 북면 울릉순환로 2625,도서
호두항,128.5,34.74,128.503458,34.740514,경상남도 통영시 한산면 호두2길 4-1,도서
홍원항,126.5,36.16,126.502964,36.158903,충청남도 서천군 서면 홍원길 130-7,육지
회진항,126.94,34.48,126.943348,34.479759,전라남도 장흥군 회진면 회진리 2184,육지
가곡항,129.49,35.76,129.492675,35.760076,경상북도 경주시 감포읍 대본해안길 27,가곡항
가교항,126.82,34.43,126.816973,34.434198,전라남도 완도군 고금면 교성길 56,가교항
가배항,128.57,34.78,128.56807,34.784968,경상남도 거제시 동부면 가배리 247-11,가배항
가의도항,126.07,36.67,126.065848,36.672145,충청남도 태안군 근흥면 가의도길 44-63,가의도항
가진항,128.51,38.37,128.51174,38.366991,강원도 고성군 죽왕면 가진해변길 121-12 ,가진항
가파항,126.27,33.17,126.273935,33.165498,제주특별자치도 서귀포시 대정읍 가파로 68 ,가파항
간월도항,126.41,36.61,126.410011,36.605656,충청남도 서산시 부석면 간월도1길 139-2,간월도항
강정항,126.48,33.23,126.47611,33.227406,제주특별자치도 서귀포시 말질로 291 ,강정항
거제항,128.58,34.85,128.585615,34.847937,경상남도 거제시 거제면 읍내로 13길 49-11 ,거제항
검산항,126.11,35,126.108074,34.995755,전라남도 신안군 증도면 보물섬길 274,검산항
견유항,128.47,34.89,128.47107,34.887495,경상남도 통영시 용남면 견유2길 98-28 ,견유항
경정항,129.43,36.48,129.434506,36.483207,경상북도 영덕군 축산면 영덕대게로 1746,경정항
계동항,127.29,34.05,127.795113,34.664295,전라남도 여수시 돌산읍 계동해안길 39-13,계동항
고대도항,126.37,36.39,126.371001,36.391143,충청남도 보령시 오천면 고대도1길 41-6,고대도항
황성항,,,,,전라남도 신안군 신의면 하태서리,
굴암항,,,,,전라남도 신안군 신의면 하태서리,
노은항,,,,,전라남도 신안군 신의면 하태동리,
평사도항,,,,,전라남도 신안군 신의면 고평사도리,
고사도항,,,,,전라남도 신안군 신의면 고평사도리,
흠밖끝항,,,,,전라남도 신안군 신의면 하태서리,
돈지항,128.18,34.84,128.180919,34.83703,경상남도 통영시 사량면 상도일주로 910 ,돈지항
동갈화항,127.84,34.9,127.835154,34.89999,경상남도 남해군 고현면 남서대로 2979번길 67 ,동갈화항
동고항,126.88,34.33,126.880819,34.329282,전라남도 완도군 신지면 신지로 1299,동고항
동백항,129.26,35.29,129.25814,35.288446,부산광역시 기장군 일광면 문오성길 180,동백항
동백항,127.05,34.33,127.046578,34.329145,전라남도 완도군 금일읍 동백길 56,동백항
동봉항,127.17,34.52,127.170383,34.520684,전라남도 고흥군 도양읍 중동길 107,동봉항
동산항,128.76,37.98,128.762577,37.979283,강원도 양양군 현남면 동산큰길 44-30,동산항
동호항,126.49,35.52,126.486871,35.519612,전라북도 고창군 해리면 구동호2길 61,동호항
동호항,128.59,34.81,128.585744,34.809036,경상남도 거제시 동부면 거제남서로 2725 ,동호항
두무진항,124.62,37.97,124.619141,37.976286,인천광역시 옹진군 백령면 두무진로 559-11,두무진항
두호항,129.25,35.24,129.246356,35.243064,부산광역시 기장군 기장읍 죽성로 294,두호항
마검포항,126.29,36.62,126.28558,36.622839,충청남도 태안군 남면 마검포길 427-26,마검포항
마동항,128.42,34.77,128.421164,34.764632,경상남도 통영시 산양읍 미남리 1035-8,마동항
만대항,126.3,36.97,126.304081,36.966504,충청남도 태안군 이원면 원이로 2969,만대항
만리포항,126.13,36.79,126.133529,36.785476,충청남도 태안군 소원면 만리포2길 2,만리포항
만재항,125.47,34.21,125.471773,34.209442,전라남도 신안군 흑산면 만재도길 36-2,만재항
망석항,126.74,34.3,126.738927,34.299195,전라남도 완도군 완도읍 망석리 893-1,망석항
명천항,127.23,34.47,127.229918,34.469289,전라남도 고흥군 금산면 명천길 122,명천항
모서항,126.75,34.2,126.751564,34.202134,전라남도 완도군 청산면 대모도길 22,모서항
모포항,129.53,35.93,129.527343,35.93264,경상북도 포항시 남구 장기면 모포길 111,모포항
몽산포항,126.27,36.67,126.27256,36.6707,충청남도 태안군 남면 몽대로 495-26,몽산포항
무녀도항,126.42,35.81,126.418441,35.806797,전라북도 군산시 옥도면 무녀도길 40,무녀도항
문암1리항,128.55,38.3,128.54988,38.302156,강원도 고성군 죽왕면 문암항길 83-11,문암1리항
문암2리항,128.55,38.3,128.550252,38.295459,강원도 고성군 죽왕면 괘진길 71,문암2리항
물안항,128.65,35,128.649325,35.002381,경상남도 거제시 하청면 칠천로 1098 ,물안항
물치항,128.61,38.16,128.61047,38.154458,강원도 양양군 강현면 동해대로 3580,물치항
미라항,126.67,34.15,126.670522,34.147859,전라남도 완도군 소안면 소안로549번길 7-4,미라항
민락항,129.13,35.15,129.129453,35.153359,부산광역시 수영구 민락수변로 92,민락항
발산항,129.5,36.03,129.503601,36.032831,경상북도 포항시 남구 동해면 호미로2330번길 38,발산항
방석항,129.38,36.23,129.381887,36.232296,경상북도 포항시 북구 송라면 봉화길 183,방석항
방축도항,126.37,35.85,126.378127,35.848567,전라북도 군산시 옥도면 방축도길 97-2,방축도항
방축항,126.49,34.18,126.495324,34.181637,전라남도 완도군 노화읍 넙도길 402-10,방축항
방포항,126.34,36.5,126.335946,36.503479,충청남도 태안군 안면읍 방포항길 64,방포항
백사장항,126.32,36.59,126.316094,36.586138,충청남도 태안군 안면읍 백사장1길 102-17,백사장항
백석항,129.41,36.63,129.413335,36.624447,경상북도 영덕군 병곡면 흰돌로 240,백석항
벌포항,126.37,34.47,126.372454,34.471471,전라남도 진도군 고군면 벌포길 72,벌포항
법성항,126.44,35.36,126.441704,35.358069,전라남도 영광군 법성면 법성포로3길 34,법성항
법환항,126.52,33.24,126.516217,33.237102,제주특별자치도 서귀포시 막숙포로 41번길 7 ,법환항
병곡항,129.41,36.6,129.414465,36.599296,경상북도 영덕군 병곡면 병곡1길 83,병곡항
봉남항,127.49,34.48,127.489119,34.484251,전라남도 고흥군 동일면 봉남동뫼길 39,봉남항
봉포항,128.57,38.25,128.56826,38.251368,강원도 고성군 토성면 토성로 44-8,봉포항
부경항,129.38,36.27,129.37796,36.271498,경상북도 영덕군 남정면 부경길 66,부경항
비안도항,126.46,35.74,126.460148,35.736411,전라북도 군산시 옥도면 비안도길 35,비안도항
사계항,126.31,33.23,126.331122,33.237554,제주특별자치도 서귀포시 안덕면 형제해안로 13,사계항
사구미항,126.58,34.32,126.579961,34.320192,전라남도 해남군 송지면 사구미길 19,사구미항
사리항,125.41,34.64,125.411882,34.644048,전라남도 신안군 흑산면 흑산일주로 1529,사리항
사초항,126.75,34.47,126.753764,34.472823,전라남도 강진군 신전면 운주로 636-10,사초항
삼정항,129.58,36.01,129.57708,36.00765,경상북도 포항시 남구 구룡포읍 일출로90번길 45-1,삼정항
삽시도항,126.36,36.35,126.361816,36.352735,충청남도 보령시 오천면 삽시도1길 199,삽시도항
통섬계항,,,,,전라남도 완도군 보길면 중리,
여항항,,,,,전라남도 완도군 보길면 여항리,
통리항,,,,,전라남도 완도군 보길면 통리,
농암항,,,,,전라남도 완도군 보길면 통리,
북암항,,,,,전라남도 완도군 보길면 통리,
월송항,,,,,전라남도 완도군 보길면 월송리,
등문항,,,,,전라남도 완도군 보길면 정동리,
정자항,,,,,전라남도 완도군 보길면 정자리,
선창항,,,,,전라남도 완도군 보길면 선창리,
예송항,,,,,전라남도 완도군 보길면 예송리,
예작항,,,,,전라남도 완도군 보길면 예작리,
금곡항,,,,,전라남도 완도군 생일면 금곡리,
유촌항,,,,,전라남도 완도군 생일면 유촌리,
굴전항,,,,,전라남도 완도군 생일면 굴전리,
저도항,,,,,전라남도 진도군 진도읍 저도길 30(진도읍 산월리 779-6),
쉬미항,,,,,전라남도 진도군 진도읍 서부해안로 411(진도읍 산월리 631-8),
전두1항,,,,,전라남도 진도군 진도읍 수유리 1010-2,
전두2항,,,,,전라남도 진도군 진도읍 수유리 931-8,
가늠목항,,,,,전라남도 진도군 군내 가는목길(군내 나리 441-3),
신기항,,,,,전라남도 진도군 군내 간석금길(군내 신기리 398-25),
무조항,,,,,전라남도 진도군 군내 서부해안로(군내 신기리 397-57),
녹진항,,,,,전라남도 진도군 군내 명량대첩로(군내 녹진리 89-13),
신동항,,,,,전라남도 진도군 군내 둔전 102-22,
유교항,,,,,전라남도 진도군 고군면 유교길( 고군면 오류리),
연동항,,,,,전라남도 진도군 고군면 고군연동길(고군면 벽파리),
원포뒷개항,,,,,전라남도 진도군 고군면 원포길(고군면 원포리),
넙도항,,,,,전라남도 완도군 고금면 넙도리,
연동항,,,,,전라남도 완도군 고금면 연동리,
황조항,,,,,전라남도 진도군 고군면 황조길(고군면 내산리),
모사항,,,,,전라남도 진도군 고군면 모사길(고군면 향동리),
가계항,,,,,전라남도 진도군 고군면 가계길(고군면 금계리),
회동항,,,,,전라남도 진도군 고군면 회동길(고군면 금계리),
금호도항,,,,,전라남도 진도군 고군면 금호도길(고군면 금계리),
송군항,,,,,전라남도 진도군 의신면 송군길(의신면 초사리),
도목항,,,,,전라남도 진도군 의신면 도목길(의신면 만길리),
도항항,,,,,전라남도 진도군 의신면 도항길(의신면 만길리),
도명항,,,,,전라남도 진도군 의신면 도명길(의신면 만길리),
모도항,,,,,전라남도 진도군 의신면 모도길(의신면 초사리),
원다항,,,,,전라남도 진도군 의신면 원다길(의신면 금갑리),
접도(황모)항,,,,,전라남도 진도군 의신면 황모길(의신면 금갑리),
상구자항,,,,,전라남도 진도군 의신면 구자1길(의신면 구자도리),
하구자항,,,,,전라남도 진도군 의신면구자2길(의신면 구자도리),
강계항,,,,,전라남도 진도군 임회면 헌복동길 10(임회면 죽림리 1178-6),
죽림항,,,,,전라남도 진도군 임회면 죽림길(임회면 죽림리 406-11),
탑립항,,,,,전라남도 진도군 임회면 탑립길(임회면 죽림리 903-5),
귀성항,,,,,전라남도 진도군 임회면 상만길(임회면 귀성리 1070-21),
동령개항,,,,,전라남도 진도군 임회면 동령개길(임회면 굴포리 728-11),
남동항,,,,,전라남도 진도군 임회면 진도대로(임회면 남동리 389-11),
팽목항,,,,,전라남도 진도군 임회면 팽목길(임회면 연동리 1033-3),
마사항,,,,,전라남도 진도군 지산면 수마로 2 (지산면 심동리 325-14),
해미(수양)항,,,,,전라남도 진도군 지산면 수양길74(지산면심동리435-8),
세포항,,,,,전라남도 진도군 지산 가학 629-17(세포길 79),
개초(세방)항,,,,,전라남도 진도군 지산면 세방낙조로353(지산면가학리11-13),
금노항,,,,,전라남도 진도군 지산면 금노길179(지산면와우리774-2),
땅끝(갈두)항,,,,,전라남도 진도군 지산면 보전리 1222(참전복로 104),
거제항,,,,,전라남도 진도군 지산면 거제길은로(지산면 거제리 384-23),
안치항,,,,,전라남도 진도군 지산면 소포리 999-63(안치길 124 부근),
소포항,,,,,전라남도 진도군 지산면 서부해안로 213(지산면 소포리 379-10),
장도항,,,,,전라남도 진도군 지산면 가학장도길1(지산면가학리707),
불도항,,,,,전라남도 진도군 지산 가학 산 213-1(가학불도길),
관매항,,,,,전라남도 진도군 조도 관매도길 179,
각흘항,,,,,전라남도 진도군 조도 관매리,
읍구항,,,,,전라남도 진도군 조도 신육리 읍구길46,
월항항,,,,,전라남도 완도군 소안면 월항리,
북암항,,,,,전라남도 완도군 소안면 북암리,
활목항,,,,,전라남도 진도군 조도 창유리 조도대로1066,
명지항,,,,,전라남도 진도군 조도 창유리 조도대로1066,
곤우항,,,,,전라남도 진도군 조도 창유리 곤우길,
대마항,,,,,전라남도 진도군 조도 대마도길 183-2,
대막항,,,,,전라남도 진도군 조도 대마도길 186-3,
소마항,,,,,전라남도 진도군 조도 소마리,
관사항,,,,,전라남도 진도군 조도 관사 관사도길18,
관작항,,,,,전라남도 진도군 조도 관사도 관작길 20,
라배항,,,,,전라남도 진도군 조도 라배리,
맹성뒷개항,,,,,전라남도 진도군 조도 맹성 맹성길4-1,
당도항,,,,,전라남도 진도군 조도 맹성리,
율목항,,,,,전라남도 진도군 조도 여미 율목길55,
여미항,,,,,전라남도 진도군 조도 여미 여미길39,
성남항,,,,,전라남도 진도군 조도 성남 성남도길11,
소성남항,,,,,전라남도 진도군 조도 성남 성남도길13,
죽항항,,,,,전라남도 진도군 조도 죽항 죽항도길2,
독거항,,,,,전라남도 진도군 조도 독거 독거도길25,
독거슬도항,,,,,전라남도 진도군 조도 독거 독거도길22-1,
독거탄항,,,,,전라남도 진도군 조도 독거리,
독거혈도항,,,,,전라남도 진도군 조도 독거리,
청등항,,,,,전라남도 진도군 조도 청등 청등도길 45,
모도항,,,,,전라남도 진도군 조도 모도 모도길 8,
진목항,,,,,전라남도 진도군 조도 진목 진목도길17,
갈목항,,,,,전라남도 진도군 조도 진목리,
옥도항,,,,,전라남도 진도군 조도 옥도리 옥도길16-6,
눌옥항,,,,,전라남도 진도군 조도 눌옥리 눌옥도길2,
외병항,,,,,전라남도 진도군 조도 외병리 외병도길34,
내병항,,,,,전라남도 진도군 조도 내병리,
동육항,,,,,전라남도 진도군 조도 동거차리 동육길 56-3,
동막항,,,,,전라남도 진도군 조도 동거차리 동막길 30,
모래미(서거차)항,,,,,전라남도 진도군 조도 서거차리 서거차도1길48,
상하죽도항,,,,,전라남도 진도군 조도 서거차리 서거차도1길99,
원포항,,,,,전라남도 진도군 고군면 원포길(고군면 원포리),
마산(새끼미)항,,,,,전라남도 진도군 고군면 마산길(고군면 내산리),
유교항,128.53,34.96,128.530781,34.959523,경상남도 거제시 사등면 가조로 1212 ,유교항
유포항,127.81,34.86,127.812581,34.863766,경상남도 남해군 서면 남서대로 2381번길 82 ,유포항
유호항,128.71,35.03,128.715225,35.02787,경상남도 거제시 장목면 유호1길 61-1 ,유호항
율포항,127.08,34.67,127.08453,34.665689,전라남도 보성군 회천면 남부관광로 2274,율포항
율포항(거제),128.59,34.78,128.592423,34.776842,경상남도 거제시 동부면 거제남서로 2012 ,율포항
은점항,128.05,34.79,128.05228,34.785423,경상남도 남해군 삼동면 동부대로 942번길 27 ,은점항
의성항,127.36,34.29,127.252767,34.223589,전라남도 여수시 삼산면 의성길 6,의성항
이가리항,129.39,36.18,129.386403,36.183997,경상북도 포항시 북구 청하면 해안로2064번길 28-1,이가리항
이동항,129.24,35.27,129.245438,35.270919,부산광역시 기장군 일광면 이동길 13,이동항
이수도항,128.73,34.97,128.724502,34.968572,경상남도 거제시 장목면 이수도길 21-1 ,이수도항
이진목항,126.93,34.45,126.926261,34.448205,전라남도 장흥군 회진면 가학회진로 901,이진목항
자월1리항,126.3,37.25,126.301942,37.253036,인천광역시 옹진군 자월면 자월서로 211-12,자월1리항
잠두항,127.12,34.54,127.117267,34.543958,전라남도 고흥군 도양읍 잠두선창길 18,잠두항
장고도항,126.34,36.39,126.341291,36.391039,충청남도 보령시 오천면 장고도1길 39,장고도항
장곳항,126.33,37.65,126.326564,37.653769,인천광역시 강화군 삼산면 어류정길212번길 102,장곳항
장수항,127.13,34.58,127.133808,34.574551,전라남도 고흥군 도양읍 도양해안로 639-24,장수항
장용항,126.9,34.4,126.89734,34.403279,전라남도 완도군 약산면 장용리 478-7,장용항
장작지항,128.47,34.77,128.47271,34.771774,경상남도 통영시 한산면 한산일주로 1352 ,장작지항
장포항,128.06,34.84,128.065261,34.845285,경상남도 남해군 창선면 흥선로 1505번길 7-25 ,장포항
장환항,127,34.57,127.005595,34.568989,전라남도 장흥군 관산읍 고마장환길 524,장환항
재원항,126.03,35.09,126.030657,35.085601,전라남도 신안군 임자면 재원길 7-3,재원항
적량항,128.06,34.86,128.059203,34.859203,경상남도 남해군 창선면 흥선로 1190 ,적량항
전곡항,126.65,37.19,126.651554,37.187746,경기도 화성시 서신면 전곡항로 5,전곡항
전촌항,129.5,35.79,129.494903,35.791211,경상북도 경주시 감포읍 장진길 39,전촌항
외포항(정포항),126.38,37.7,126.379923,37.700044,인천광역시 강화군 내가면 해안서로 899-2,외포항
제부항,126.62,37.18,126.622517,37.178895,경기도 화성시 서신면 해안길 421-18,제부항
조천항,126.63,33.54,126.634095,33.54074,제주특별자치도 제주시 조천읍 조천북1길 35-8 ,조천항
종달항,126.91,33.5,126.912301,33.496452,제주특별자치도 제주시 구좌읍 해맞이해안로2276,종달항
주문항,126.24,37.65,126.236302,37.654645,인천광역시 강화군 서도면 주문도길 12,주문항
주전항,129.46,35.56,129.457505,35.561565,울산광역시 동구 주전해안길 208,주전항
죽도항,127.3,34.45,127.296116,34.447073,전라남도 고흥군 도화면 대섬길 62,죽도항
죽림항,128.58,34.84,128.579306,34.841446,경상남도 거제시 거제면 죽림길 177 ,죽림항
죽포항,127.24,34.24,127.794086,34.643237,전라남도 여수시 돌산읍 두문포길 85,죽포항
중평항,127.91,34.97,127.909233,34.973156,경상남도 하동군 금남면 중평해안길 141 ,중평항
중항항,128.03,35.06,128.025573,35.056181,경상남도 사천시 곤양면 와티길 95 ,중항항
지경항,129.37,36.26,129.375172,36.260588,경상북도 포항시 북구 송라면 동해대로 3356-20,지경항
지족항,128,34.83,128.001227,34.832749,경상남도 남해군 삼동면 동부대로1876번가길 26,지족항
직산항,129.48,36.73,129.474265,36.725036,경상북도 울진군 평해읍 제장로 46,직산항
진동항,128.48,35.1,128.479934,35.100295,경상남도 창원시 마산합포구 진동면 미더덕로 339,진동항
진리항,126.15,37.22,126.156718,37.227315,인천광역시 옹진군 덕적면 덕적남로 39,진리항
진산항,126.64,34.13,126.644645,34.130027,전라남도 완도군 소안면 소안남로 26-100,진산항
진촌항,128.22,34.84,128.222033,34.842962,경상남도 통영시 사량면 진촌1길 102,진촌항
징의항,126.46,34.52,126.45458,34.522063,전라남도 해남군 황산면 고천암로 795-32,징의항
창리항,126.21,36.37,126.365574,36.625636,충청남도 서산시 부석면 창리2길 66,창리항
창유항,126.05,34.31,126.053259,34.305303,전라남도 진도군 조도면 어류포길 1-4,창유항
영전항,126.6,34.34,126.601195,34.336297,전라남도 해남군 북평면 남전길 54,영전항
영진항,128.85,37.87,128.849075,37.866931,강원도 강릉시 연곡면 해안로 1427,영진항
예포항,128.43,34.94,128.426222,34.940076,경상남도 통영시 광도면 예포길 180 ,예포항
오호항,128.53,38.33,128.529475,38.326083,강원도 고성군 죽왕면 심층수길 36-1,오호항
옥계항,128.61,35.09,128.613318,35.091984,경상남도 창원시 마산합포구 구산면 옥계로 293-38 ,옥계항
옥죽포항,124.71,37.85,124.708206,37.847669,인천광역시 옹진군 대청면 대청북로 129-1,옥죽포항
옹암항,126.89,34.43,126.885793,34.435278,전라남도 장흥군 대덕읍 신리옹암로 428,옹암항
용동항,127.2,34.65,127.196898,34.650657,전라남도 고흥군 도덕면 고흥만로 1140,용동항
용호항,126.36,34.44,126.365351,34.444517,전라남도 진도군 고군면 고군용호길 161-2,용호항
우도항,126.95,33.49,126.950274,33.492677,제주특별자치도 제주시 우도면 우도해안길 73 ,우도항
우동항,129.14,35.16,129.13564,35.162106,부산광역시 해운대구 해운대해변로 20,우동항
우두항,126.87,34.38,126.864397,34.381584,전라남도 완도군 약산면 우두길 221,우두항
우수영항,126.31,34.59,126.309524,34.587744,전라남도 해남군 문내면 우수영안길 90,우수영항
우학항,127.77,34.51,127.769119,34.510022,전라남도 여수시 남면 금오로 889,우학항
울포항,127.07,34.43,127.073629,34.427054,전라남도 완도군 금당면 차우길 7,울포항
원동항,126.65,34.39,126.647375,34.392117,전라남도 완도군 군외면 청해진서로 2180,원동항
원산도항,126.43,36.38,126.433966,36.38383,충청남도 보령시 오천면 원산도1길 56,원산도항
원천항,127.95,34.76,127.947076,34.763323,경상남도 남해군 이동면 남해대로 1553번길 38 ,원천항
월내항,129.28,35.33,129.277855,35.325169,부산광역시 기장군 장안읍 월내해안길 67,월내항
월양항,126.85,34.31,126.854953,34.308001,전라남도 완도군 신지면 월양길 182-46,월양항
월하성항,126.56,36.13,126.563567,36.133753,충청남도 서천군 서면 월하성길 96,월하성항
백포항,,,,,전라남도 여수시 돌산읍 율림리,
도실항,,,,,전라남도 여수시 돌산읍 평사리,
굴전훗자리항,,,,,전라남도 여수시 돌산읍 평사리,
진모항,,,,,전라남도 여수시 돌산읍 평사리,
하동항,,,,,전라남도 여수시 돌산읍 우두리,
세구지항,,,,,전라남도 여수시 돌산읍 우두리,
신추항,,,,,전라남도 여수시 돌산읍 우두리,
백초항,,,,,전라남도 여수시 돌산읍 우두리,
창산항,,,,,전라남도 순천시 별량면 마산리,
우명항,,,,,전라남도 순천시 별량면 학산리,
외망항,,,,,전라남도 광양시 진월면 망덕리,
선소항,,,,,전라남도 광양시 진월면 선소리,
아동항,,,,,전라남도 광양시 진월면 신아리,
신답항,,,,,전라남도 광양시 진월면 신아리,
오추항,,,,,전라남도 광양시 진월면 오사리,
사평항,,,,,전라남도 광양시 진월면 오사리,
돈탁항,,,,,전라남도 광양시 진월면 오사리,
하광항,,,,,전라남도 광양시 광영동 656-7,
선포항,,,,,전라남도 광양시 진월면 진정리,
원동항,,,,,전라남도 광양시다압면 신원리,
은전항,,,,,전라남도 고흥군 도덕면 오마리,
금장항,,,,,전라남도 고흥군 금산면 어전리,
하반항,,,,,전라남도 고흥군 봉래면 하반리,
중봉항,,,,,전라남도 고흥군 도양면 봉암리,
매곡항,,,,,전라남도 고흥군 풍양면 매곡리,
남열항,,,,,전라남도 고흥군 영남면 남열리,
신오항,,,,,전라남도 고흥군 포두면 오취리,
내초항,,,,,전라남도 고흥군 포두면 옥강리,
성두도항,,,,,전라남도 고흥군 포두면 남성리,
대곡항,,,,,전라남도 고흥군 도덕면 가야리,
오마항,,,,,전라남도 고흥군 도덕면 오마리,
우암항,,,,,전라남도 고흥군 영남면 우천리,
단장항,,,,,전라남도 고흥군 도화면 구암리,
대전항,,,,,전라남도 고흥군 두원면 대전리,
풍류항,,,,,전라남도 고흥군 두원면 풍류리,
선정항,,,,,전라남도 고흥군 남양면 월정리,
주암1항,,,,,전라남도 고흥군 남양면 월정리,
장선항,,,,,전라남도 고흥군 대서면 안남리,
송림항,,,,,전라남도 고흥군 대서면 송림리,
하도1항,,,,,전라남도 고흥군 도화면 사덕리,
상동항,,,,,전라남도 고흥군 도화면 구암리,
원도동항,,,,,전라남도 고흥군 도화면 가화리,
장사항,,,,,전라남도 고흥군 대서면 송림리,
신기항,,,,,전라남도 고흥군 대서면 안남리,
덕산항,,,,,전라남도 고흥군 도화면 덕중리,
화옥항,,,,,전라남도 고흥군 도화면 가화리,
당중항,,,,,전라남도 고흥군 도덕면 가야리,
성황항,,,,,전라남도 고흥군 도덕면 가야리,
장예항,,,,,전라남도 고흥군 도양면 용정리,
장계항,,,,,전라남도 고흥군 도양면 장계리,
가상항,,,,,전라남도 고흥군 도덕면 가야리,
남당항,,,,,전라남도 고흥군 풍양면 풍남리,
신촌항,,,,,전라남도 고흥군 도화면 가화리,
사덕항,,,,,전라남도 고흥군 도화면 사덕리,
양화항,,,,,전라남도 고흥군 영남면 양사리,
하도항,,,,,전라남도 고흥군 도화면 사덕리,
강동항,,,,,전라남도 고흥군 풍양면 풍남리,
매동항,,,,,전라남도 고흥군 도양면 봉암리,
신흥항,,,,,전라남도 고흥군 도양면 장계리,
봉산항,,,,,전라남도 고흥군 도화면 봉산리,
독대항,,,,,전라남도 고흥군 과역면 연등리,
분매항,,,,,전라남도 고흥군 도덕면 오마리,
오도항,,,,,전라남도 고흥군 과역면 연등리,
첨도항,,,,,전라남도 고흥군 포두면 오취리,
외백항,,,,,전라남도 고흥군 과역면 백일리,
월하항,,,,,전라남도 고흥군 두원면 풍류리,
도야항,,,,,전라남도 고흥군 과역면 도촌리,
내로항,,,,,전라남도 고흥군 과역면 노일리,
익금항,,,,,전라남도 고흥군 포두면 남성리,
용암항,,,,,전라남도 고흥군 영남면 우천리,
취도항,,,,,전라남도 고흥군 포두면 오취리,
내백항,,,,,전라남도 고흥군 과역면 백일리,
동래도항,,,,,전라남도 고흥군 포두면 옥강리,
화덕항,,,,,전라남도 고흥군 과역면 호덕리,
주암2항,,,,,전라남도 고흥군 남양면 월정리,
나진항,,,,,전라남도 여수시 화양면 나진리,
용주항,,,,,전라남도 여수시 화양면 용주리,
예회항,,,,,전라남도 고흥군 두원면 예회리,
송정항,,,,,전라남도 고흥군 두원면 대전리,
신흥항,,,,,전라남도 고흥군 두원면 대금리,
우두항,,,,,전라남도 고흥군 영남면 우천리,
봉산항,,,,,전라남도 고흥군 도양면 봉암리,
백석항,,,,,전라남도 고흥군 풍양면 매곡리,
금호신항,,,,,전라남도 고흥군 도덕면 용동리,
화도2항,,,,,전라남도 고흥군 도화면 사덕리,
여의천항,,,,,전라남도 고흥군 도화면 가화리,
곡강항,,,,,전라남도 고흥군 점암면 강산리,
죽청항,,,,,전라남도 장흥군 관산읍 죽청리 467-1,
고마항,,,,,전라남도 장흥군 관산읍 고마리 938-2,
지정항,,,,,전라남도 장흥군 관산읍 신동리 25-1,
신당항,,,,,전라남도 장흥군 관산읍 신동리 25-4,
동두항,,,,,전라남도 장흥군 관산읍 신동리 83-9,
사금항,,,,,전라남도 장흥군 관산읍 신동리 83-1,
우산항,,,126.9762,34.51,전라남도 장흥군 관산읍 삼산리 1548-1,
산서항,,,,,전라남도 장흥군 관산읍 삼산리 산87-3,
어은항,,,,,전라남도 장흥군 관산읍 삼산리 산73-7,
송촌항,,,,,전라남도 장흥군 산읍 삼산리 2000-22,
오성금항,,,,,전라남도 장흥군 대덕읍 신리 1131-6,
내저항,,,,,전라남도 장흥군 대덕읍 옹암리 산162,
가학항,,,,,전라남도 장흥군 대덕읍 가학리 1068,
신리항,,,,,전라남도 장흥군 대덕읍 옹암리 336-4,
남포항,,,,,전라남도 장흥군 용산면 상발리 133-4,
상발항,,,,,전라남도 장흥군 용산면 상발리 산172-1,
용곡항,,,,,전라남도 장흥군 안양면 수문리 32-42,
사촌항,,,,,전라남도 장흥군 안양면 사촌리 708-4,
해창항,,,,,전라남도 장흥군 안양면 해창리 95-14,
신상항,,,,,전라남도 장흥군 회진면 신상리 15-14,
신기항,,,,,전라남도 장흥군 회진면 대리 1-3,
대리항,,,,,전라남도 장흥군 회진면 대리 115-10,
장산항,,,,,전라남도 장흥군 회진면 덕산리 79-14,
덕산항,,,,,전라남도 장흥군 회진면 덕산리 2207,
이회진항,,,,,전라남도 장흥군 회진면 회진리 94-11,
안삭금항,,,,,전라남도 장흥군 진면 진목리 195-41,
목리항,,,,,전라남도 강진군 강진읍 목리,
구로항,,,,,전라남도 강진군 칠량면 송로리,
봉황항,,,,,전라남도 강진군 칠량면 봉황리,
덕동항,,,,,전라남도 강진군 칠량면 봉황리,
중저항,,,,,전라남도 강진군 대구면 저두리,
하저항,,,,,전라남도 강진군 대구면 저두리,
미산항,,,,,전라남도 강진군 대구면 사당리,
백사항,,,,,전라남도 강진군 대구면 사당리,
수동항,,,,,전라남도 강진군 대구면 수동리,
구곡항,,,,,전라남도 강진군 대구면 구수리,
남호항,,,,,전라남도 강진군 대구면 구수리,
수인항,,,,,전라남도 강진군 마량면 수인리,
원마항,,,,,전라남도 강진군 마량면 마량리,
숙마항,,,,,전라남도 강진군 마량면 원포리,
하분항,,,,,전라남도 강진군 마량면 상흥리,
신평항,,,,,전라남도 강진군 도암면 만덕리,
송학항,,,,,전라남도 강진군 도암면 학장리,
용산항,,,,,전라남도 강진군 도암면 용흥리,
망호항,,,,,전라남도 강진군 도암면 신기리,
약천항,,,,,전라남도 강진군 신전면 벌정리,
서중항,,,,,전라남도 강진군 마량면 서중리,
관동항,,,,,전라남도 해남군 화산면 관동리 344-14,
구성항,,,,,전라남도 해남군 화산면 평호리 759-5,
사포항,,,,,전라남도 해남군 화산면 평호리 748-16,
흑석항,,,,,전라남도 해남군 화산면 흑석리,
중정항,,,,,전라남도 해남군 화산면 안호리 891-2,
두모항,,,,,전라남도 해남군 현산면 백포리 774-10,
우근항,,,,,전라남도 해남군 송지면 학가리 657-1,
동현항,,,,,전라남도 해남군 송지면 어란리 925-13,
미학항,,,,,전라남도 해남군 송지면 어란리 921-3,
엄남항,,,,,전라남도 해남군 송지면 소죽리 743-15,
중리항,,,,,전라남도 해남군 송지면 송호리 502-4,
송종항,,,,,전라남도 해남군 송지면 송호리 502-4,
갈산항,,,,,전라남도 해남군 송지면 송호리 1220-21,
통호항,,,,,전라남도 해남군 송지면 통호리 797-1,
서홍항,,,,,전라남도 해남군 북평면 서홍리 16-6,
안평항,,,,,전라남도 해남군 북평면 평암리 131-9,
신홍항,,,,,전라남도 해남군 북평면 서홍리 120-2,
묵동항,,,,,전라남도 해남군 북평면 서홍리 263-10,
남성항,,,,,전라남도 해남군 북평면 영전리 1433-12,
왕주항,,,,,전라남도 고흥군 남양면 월정리,
죽암항,,,,,전라남도 고흥군 동강면 죽암리,
성산항,,,,,전라남도 해남군 황산면 부곡리 361-56,
양정항,,,,,전라남도 해남군 문내면 예락리 408-4,
궁항항,,,,,전라남도 해남군 문내면 무고리 1123-6,
증도항,,,,,전라남도 해남군 문내면 무고리 1051-1,
삼정항,,,,,전라남도 해남군 문내면 학동리 173-4,
화봉항,,,,,전라남도 해남군 화원면 화봉리 431-16,
양화항,,,,,전라남도 해남군 화원면 매월리 3-5,
온덕항,,,,,전라남도 해남군 화원면 후산리 1020-12,
구림항,,,,,전라남도 해남군 화원면 구림리 9-7,
금동항,,,,,전라남도 무안군 삼향면 왕산리,
강정항,,,,,전라남도 무안군 청계면 강정리,
내동항,,,,,전라남도 무안군 운남면 내리,
동암항,,,,,전라남도 무안군 운남면 동암리,
영해항,,,,,전라남도 무안군 운남면 동암리,
가입항,,,,,전라남도 무안군 현경면 가입리,
곡지항,,,,,전라남도 무안군 현경면 오류리,
물암항,,,,,전라남도 무안군 해제면 유월리,
만풍항,,,,,전라남도 무안군 해제면 만풍리,
삼봉항,,,,,전라남도 무안군 해제면 송석리,
쥐머리항,,,,,전라남도 무안군 해제면 덕산리,
슬산항,,,,,전라남도 무안군 해제면 덕산리,
백학항,,,,,전라남도 무안군 해제면 학송리,
석용항,,,,,전라남도 무안군 해제면 석용리,
창매항,,,,,전라남도 무안군 해제면 창매리,
석두항,,,,,전라남도 함평군 함평읍 석성리 산223-3 인근,
주포항,,,,,전라남도 함평군 함평읍 석성리 312-89,
석창항,,,,,전라남도 함평군 손불면 석창리 800인근,
월천항,,,,,전라남도 함평군 손불면 월천리 1177-9,
구수항,,,,,전라남도 영광군 백수읍 구수리,
항월항,,,,,전라남도 영광군 홍농읍 칠곡리,
칠곡항,,,,,전라남도 영광군 홍농읍 칠곡리,
월곡항,,,,,전라남도 영광군 홍농읍 칠곡리,
월평항,,,,,전라남도 영광군 염산면 야월리,
창우항,,,,,전라남도 영광군 염산면 두우리,
망남항,,,,,전라남도 완도군 완도읍 망남리,
신기항,,,,,전라남도 완도군 완도읍 신기리,
대가용항,,,,,전라남도 완도군 완도읍 대가용리,
죽청항,,,,,전라남도 완도군 완도읍 죽청리,
장좌항,,,,,전라남도 완도군 완도읍 장좌리,
대야1항,,,,,전라남도 완도군 완도읍 대야1리,
대야2항,,,,,전라남도 완도군 완도읍 대야2리,
망석항,,,,,전라남도 완도군 완도읍 망석리,
중도항,,,,,전라남도 완도군 완도읍 중도리,
정도항,,,,,전라남도 완도군 완도읍 정도리,
대신항,,,,,전라남도 완도군 완도읍 대신리,
대창1항,,,,,전라남도 완도군 군외면 대창1리,
대창2항,,,,,전라남도 완도군 군외면 대창2리,
영풍항,,,,,전라남도 완도군 군외면 영풍리,
불목항,,,,,전라남도 완도군 군외면 불목리,
영흥항,,,,,전라남도 완도군 군외면 영흥리,
남선항,,,,,전라남도 완도군 군외면 남선리,
달도항,,,,,전라남도 완도군 군외면 달도리,
염수항,,,,,전라남도 완도군 군외면 염수리,
신흥항,,,,,전라남도 완도군 군외면 신흥리,
망축항,,,,,전라남도 완도군 군외면 망축리,
용계항,,,,,전라남도 완도군 군외면 용계리,
초평항,,,,,전라남도 완도군 군외면 초평리,
대문항,,,,,전라남도 완도군 군외면 대문리,
삼두항,,,,,전라남도 완도군 군외면 삼두리,
원동항,,,,,전라남도 완도군 군외면 원동리,
갈문항,,,,,전라남도 완도군 군외면 갈문리,
참도항,,,,,전라남도 신안군 지도읍 봉리,
자동항,,,,,전라남도 신안군 지도읍 자동리,
읍내항,,,,,전라남도 신안군 지도읍 읍내리,
점암항,,,,,전라남도 신안군 지도읍 감정리,
달리도항,,,,,전라남도 목포시 달동 33-7,
율도항,,,,,전라남도 목포시 율도동 473-15,
외달도항,,,,,전라남도 목포시 달동 1319-4,
고하도항,,,,,전라남도 목포시 달동 779-4,
어망촌항,,,,,전라남도 목포시 달동 190-39,
금수동항,,,,,전라남도 목포시 율도동 130-19,
고분도항,,,,,전라남도 목포시 율도동 10-2,
송도서편항,,,,,전라남도 여수시 돌산읍 군내리,
금죽항,,,,,전라남도 여수시 돌산읍 금봉리,
송도항,,,,,전라남도 여수시 율촌면 여동리,
소늑도항,,,,,전라남도 여수시 율촌면 여동리,
대늑도항,,,,,전라남도 여수시 율촌면 여동리,
원동항,,,,,전라남도 해남군 북일면 내동리 926-2,
갈두항,,,,,전라남도 해남군 북일면 금당리 105-9,
묘두항,,,,,전라남도 여수시 남면 화태리,
치끝항,,,,,전라남도 여수시 남면 화태리,
월전항,,,,,전라남도 여수시 남면 화태리,
목넘항,,,,,전라남도 여수시 남면 횡간리,
소횡간항,,,,,전라남도 여수시 남면 횡간리,
직포항,,,,,전라남도 여수시 남면 두모리,
학동항,,,,,전라남도 여수시 남면 우학리,
두포항,,,,,전라남도 여수시 남면 두모리,
여천항,,,,,전라남도 여수시 남면 유송리,
소유항,,,,,전라남도 여수시 남면 유송리,
소우실포항,,,,,전라남도 여수시 남면 심장리,
수항항,,,,,전라남도 여수시 남면 심장리,
동고지항,,,,,전라남도 여수시 남면 안도리,
이야포항,,,,,전라남도 여수시 남면 안도리,
덕포항,,,,,전라남도 여수시 남면 연도리,
남부항,,,,,전라남도 여수시 남면 연도리,
봉통항,,,,,전라남도 여수시 남면 두라리,
선창항,,,,,전라남도 여수시 남면 두라리,
큰나발항,,,,,전라남도 여수시 남면 두라리,
소두앞항,,,,,전라남도 여수시 남면 두라리,
소두뒤항,,,,,전라남도 여수시 남면 두라리,
비자금항,,,,,전라남도 여수시 화정면 월호리,
밀징포항,,,,,전라남도 여수시 화정면 월호리,
자봉항,,,,,전라남도 여수시 화정면 월호리,
월항항,,,,,전라남도 여수시 화정면 개도리,
쏨병끝항,,,,,전라남도 여수시 화정면 개도리,
정목항,,,,,전라남도 여수시 화정면 개도리,
신흥항,,,,,전라남도 여수시 화정면 개도리,
엄남금항,,,,,전라남도 여수시 화정면 개도리,
동머리항,,,,,전라남도 여수시 화정면 백야리,
와달항,,,,,전라남도 여수시 화정면 백야리,
신기항,,,,,전라남도 여수시 화정면 백야리,
하화항,,,,,전라남도 여수시 화정면 하화리,
상화항,,,,,전라남도 여수시 화정면 상화리,
추도항,,,,,전라남도 여수시 화정면 낭도리,
사도항,,,,,전라남도 여수시 화정면 낭도리,
당정항,,,,,충청남도 서천군 종천면 당정리 523-6,
속동항,,,,,충청남도 홍성군 서부면 상황리 706,
독개항,,,,,충청남도 태안군 안면읍 승언리 2099-42,
선녀바위항,,,,,인천광역시 중구 을왕동 678-121,
동검항,,,,,인천광역시 강화군 길상면 동검리,
규포항,,,,,전라남도 여수시 화정면 낭도리,
조발항,,,,,전라남도 여수시 화정면 조발리,
둔병항,,,,,전라남도 여수시 화정면 조발리,
작은적금항,,,,,전라남도 여수시 화정면 적금리,
마파항,,,,,전라남도 여수시 화정면 여자리,
변촌항,,,,,전라남도 여수시 삼산면 서도리,
예미항,,,,,전라남도 여수시 삼산면 초도리,
녹항,,,,,전라남도 여수시 삼산면 초도리,
정강항,,,,,전라남도 여수시 삼산면 초도리,
평도항,,,,,전라남도 여수시 삼산면 손죽리,
소거문항,,,,,전라남도 여수시 삼산면 손죽리,
광도항,,,,,전라남도 여수시 삼산면 손죽리,
경촌항,,,,,전라남도 여수시 삼산면 초도리,
거문항,,,,,전라남도 여수시 삼산면 거문리,
쥐포항,,,,,전라남도 여수시 삼산면 손죽리,
야도항,,,,,전라남도 여수시 경호동 932-2,
황진항,,,,,전라남도 완도군 군외면 황진리,
중리항,,,,,전라남도 완도군 군외면 중리,
장도항,,,,,전라남도 여수시 시전동,
삼간도항,,,,,전라남도 여수시 중흥동,
장촌항,,,,,전라남도 여수시 묘도동 1967-1,
묘읍항,,,,,전라남도 여수시 묘도동 2013-1,
광양포항,,,,,전라남도 여수시 묘도동 산131-2,
도독항,,,,,전라남도 여수시 묘도동 318-3,
온동항,,,,,전라남도 여수시 묘도동 116-6,
선창항,,,,,전라남도 고흥군 도양면 득량리,
관청항,,,,,전라남도 고흥군 도양면 득량리,
상화도항,,,,,전라남도 고흥군 도양면 봉암리,
하화도항,,,,,전라남도 고흥군 도양면 봉암리,
횡도항,,,,,전라남도 영광군 낙월면 오도리,
감목항,,,,,전라남도 완도군 금일읍 감목리,
척치항,,,,,전라남도 완도군 금일읍 척치리,
후포항,,,,,전라남도 완도군 금일읍 척치리,
독바항,,,,,전라남도 완도군 금일읍 척치리,
연지항,,,,,전라남도 완도군 금일읍 장정리,
구동항,,,,,전라남도 완도군 금일읍 신구리,
신평항,,,,,전라남도 완도군 금일읍 신구리,
월송항,,,,,전라남도 완도군 금일읍 월송리,
동송항,,,,,전라남도 완도군 금일읍 충동리,
용항항,,,,,전라남도 완도군 금일읍 충동리,
궁항항,,,,,전라남도 완도군 금일읍 충동리,
충도항,,,,,전라남도 완도군 금일읍 충동리,
소랑항,,,,,전라남도 완도군 금일읍 사동리,
우도항,,,,,전라남도 완도군 금일읍 사동리,
다랑항,,,,,전라남도 완도군 금일읍 사동리,
황제항,,,,,전라남도 완도군 금일읍 동백리,
신도항,,,,,전라남도 완도군 금일읍 신도리,
원도항,,,,,전라남도 완도군 금일읍 장원리,
화전항,,,,,전라남도 완도군 금일읍 화목리,
신정항,,,,,전라남도 고흥군 금산면 석정리,
동정항,,,,,전라남도 고흥군 금산면 석정리,
신설동항,,,,,전라남도 완도군 노화읍 이목2리,
지방암항,,,,,전라남도 완도군 노화읍 포전리,
가장끝항,,,,,전라남도 완도군 노화읍 잘포리,
치등항,,,,,전라남도 완도군 노화읍 당산리,
동산끝항,,,,,전라남도 완도군 노화읍 당산리,
당포항,,,,,전라남도 완도군 노화읍 당산리,
연홍항,,,,,전라남도 고흥군 금산면 신전리,
신양항,,,,,전라남도 고흥군 금산면 신촌리,
갓날끝항,,,,,전라남도 완도군 노화읍 북고리,
노날항,,,,,전라남도 완도군 노화읍 북고리,
산양진항,,,,,전라남도 완도군 노화읍 신리,
가마미항,,,,,전라남도 완도군 노화읍 구목리,
할목끝항,,,,,전라남도 완도군 노화읍 석중리,
알갱이항,,,,,전라남도 완도군 노화읍 동고리,
굴앞항,,,,,전라남도 완도군 노화읍 동고리,
충도산밭끝항,,,,,전라남도 완도군 노화읍 충도리,
서짝끝항,,,,,전라남도 완도군 노화읍 충도리,
모사추항,,,,,전라남도 완도군 노화읍 충도리,
장사도항,,,,,전라남도 완도군 노화읍 이목2리,
노록도항,,,,,전라남도 완도군 노화읍 노록리,
솔지항,,,,,전라남도 완도군 노화읍 내리,
불등항,,,,,전라남도 완도군 노화읍 내리,
방축항,,,,,전라남도 완도군 노화읍 방축리,
모룡항,,,,,전라남도 신안군 신의면 상태동리,
구만항,,,,,전라남도 신안군 신의면 하태동리,
북강항,,,,,전라남도 신안군 장산면 오음리,
대장구도항,,,,,전라남도 완도군 노화읍 내리,
농바우항,,,,,전라남도 완도군 노화읍 서리,
죽굴도항,,,,,전라남도 완도군 노화읍 방서리,
사후항,,,,,전라남도 완도군 군외면 사후리,
고마항,,,,,전라남도 완도군 군외면 고마리,
토도항,,,,,전라남도 완도군 군외면 토도리,
흑일항,,,,,전라남도 완도군 군외면 흑일리,
백일항,,,,,전라남도 완도군 군외면 백일리,
서화항,,,,,전라남도 완도군 군외면 서화리,
동화항,,,,,전라남도 완도군 군외면 동화리,
강독뒷항,,,,,전라남도 완도군 신지면 강독리,
송곡뒷항,,,,,전라남도 완도군 신지면 송곡리,
외야미항,,,,,전라남도 완도군 신지면 임촌리,
임촌명사항,,,,,전라남도 완도군 신지면 임촌리,
신리후포항,,,,,전라남도 완도군 신지면 신리,
신리명사항,,,,,전라남도 완도군 신지면 신리,
내정명사항,,,,,전라남도 완도군 신지면 내정리,
울몰항,,,,,전라남도 완도군 신지면 대평리,
대곡항,,,,,전라남도 완도군 신지면 삼마리,
물선리항,,,,,전라남도 완도군 신지면 양천리,
신기후포항,,,,,전라남도 완도군 신지면 신기리,
세포항,,,,,전라남도 완도군 신지면 신상리,
방죽포항,,,,,전라남도 완도군 신지면 양지리,
가인항,,,,,전라남도 완도군 신지면 가인리,
동촌항,,,,,전라남도 완도군 신지면 동촌리,
모항도항,,,,,전라남도 완도군 신지면 동촌리,
농상항,,,,,전라남도 완도군 고금면 농상리,
대곡항,,,,,전라남도 완도군 고금면 대곡리,
도남항,,,,,전라남도 완도군 고금면 도남리,
장풍항,,,,,전라남도 완도군 고금면 장풍리,
척찬항,,,,,전라남도 완도군 고금면 척찬리,
부곡항,,,,,전라남도 완도군 고금면 부곡리,
회룡항,,,,,전라남도 완도군 고금면 회룡리,
봉암항,,,,,전라남도 완도군 고금면 봉암리,
상정항,,,,,전라남도 완도군 고금면 상정리,
봉명항,,,,,전라남도 완도군 고금면 봉명리,
장항항,,,,,전라남도 완도군 고금면 장항리,
봉성항,,,,,전라남도 완도군 고금면 봉성리,
칠인항,,,,,전라남도 완도군 고금면 칠인리,
청용항,,,,,전라남도 완도군 고금면 청용리,
청학항,,,,,전라남도 완도군 고금면 청학리,
용초항,,,,,전라남도 완도군 고금면 용초리,
세동항,,,,,전라남도 완도군 고금면 세동리,
항동항,,,,,전라남도 완도군 고금면 항동리,
내동항,,,,,전라남도 완도군 고금면 내동리,
덕동항,,,,,전라남도 완도군 고금면 덕동리,
윤동항,,,,,전라남도 완도군 고금면 윤동리,
화성항,,,,,전라남도 완도군 고금면 화성리,
초완도항,,,,,전라남도 완도군 고금면 초완도리,
장도항,,,,,전라남도 완도군 금일읍 장원리,
산밭끝항,,,,,전라남도 완도군 노화읍 이목1리,
구성항,,,,,전라남도 완도군 약산면 구성리,
죽선항,,,,,전라남도 완도군 약산면 죽선리,
가래항,,,,,전라남도 완도군 고금면 가래리,
여동항,,,,,전라남도 완도군 약산면 여동리,
화가항,,,,,전라남도 완도군 약산면 화가리,
천동항,,,,,전라남도 완도군 약산면 천동리,
넙고항,,,,,전라남도 완도군 약산면 넙고리,
상득암항,,,,,전라남도 완도군 약산면 상득암리,
사동항,,,,,전라남도 완도군 약산면 사동리,
어두항,,,,,전라남도 완도군 약산면 어두리,
도락항,,,,,전라남도 완도군 청산면 도락리,
당리항,,,,,전라남도 완도군 청산면 당리,
읍리항,,,,,전라남도 완도군 청산면 읍리,
구장항,,,,,전라남도 완도군 청산면 구장리,
권덕항,,,,,전라남도 완도군 청산면 권덕리,
동촌항,,,,,전라남도 완도군 청산면 동촌리,
진산항,,,,,전라남도 완도군 청산면 진산리,
지리항,,,,,전라남도 완도군 청산면 지리,
조금날항,,,,,전라남도 완도군 노화읍 삼마리,
물막끝항,,,,,전라남도 완도군 노화읍 미라리,
장도항,,,,,전라남도 완도군 청산면 장도리,
소모도항,,,,,전라남도 완도군 청산면 소모도리,
모동항,,,,,전라남도 완도군 청산면 모동리,
비동과목항,,,,,전라남도 완도군 소안면 비동리,
비서골몰항,,,,,전라남도 완도군 소안면 비서리,
오지암항,,,,,전라남도 완도군 소안면 이목리,
가학동해항,,,,,전라남도 완도군 소안면 가학리,
가학서해항,,,,,전라남도 완도군 소안면 가학리,
서중항,,,,,전라남도 완도군 소안면 서중리,
소진항,,,,,전라남도 완도군 소안면 소진리,
부상항,,,,,전라남도 완도군 소안면 부상리,
당사항,,,,,전라남도 완도군 소안면 당사리,
횡간항,,,,,전라남도 완도군 소안면 횡간리,
구도항,,,,,전라남도 완도군 소안면 구도리,
비견항,,,,,전라남도 완도군 금당면 비견리,
허우항,,,,,전라남도 완도군 금당면 허우리,
차우항,,,,,전라남도 완도군 금당면 차우리,
세포항,,,,,전라남도 완도군 금당면 세포리,
봉동항,,,,,전라남도 완도군 금당면 봉동리,
육동항,,,,,전라남도 완도군 금당면 육동리,
삼산항,,,,,전라남도 완도군 금당면 삼산리,
신흥항,,,,,전라남도 완도군 금당면 신흥리,
가학항,,,,,전라남도 완도군 금당면 가학리,
대화도항,,,,,전라남도 완도군 금당면 신흥리,
백도항,,,,,전라남도 완도군 보길면 백도리,
선백항,,,,,전라남도 완도군 보길면 백도리,
중리항,,,,,전라남도 완도군 보길면 중리,
상하촌항,,,,,전라남도 고흥군 금산면 대흥리,
중촌항,,,,,전라남도 고흥군 금산면 대흥리,
신흥항,,,,,전라남도 고흥군 금산면 대흥리,
옥룡항,,,,,전라남도 고흥군 금산면 어전리,
익금항,,,,,전라남도 고흥군 금산면 어전리,
궁전항,,,,,전라남도 고흥군 금산면 신전리,
우두항,,,,,전라남도 고흥군 금산면 신전리,
배천항,,,,,전라남도 고흥군 금산면 신촌리,
신촌항,,,,,전라남도 고흥군 금산면 신촌리,
신촌1항,,,,,전라남도 고흥군 금산면 신촌리,
신금항,,,,,전라남도 고흥군 금산면 신촌리,
석정항,,,,,전라남도 고흥군 금산면 석정리,
석교항,,,,,전라남도 고흥군 금산면 석정리,
일정항,,,,,전라남도 고흥군 금산면 석정리,
성치항,,,,,전라남도 고흥군 금산면 석정리,
운두도항,,,,,전라남도 여수시 화양면 이천리,
마족항,,,,,전라남도 여수시 남면 화태리,
신평항,,,,,전라남도 고흥군 금산면 신평리,
월포항,,,,,전라남도 고흥군 금산면 신평리,
홍연항,,,,,전라남도 고흥군 금산면 신평리,
청석항,,,,,전라남도 고흥군 금산면 오천리,
서촌항,,,,,전라남도 고흥군 금산면 오천리,
지죽항,127.3,34.44,127.3051,34.4423,전라남도 고흥군 도화면 지죽리,
지죽1항,,,,,전라남도 고흥군 도화면 지죽리,
신금항,,,,,전라남도 고흥군 봉래면 신금리,
진기항,,,,,전라남도 고흥군 봉래면 신금리,
엄남항,,,,,전라남도 고흥군 봉래면 신금리,
동광항,,,,,전라남도 고흥군 봉래면 신금리,
비치항,,,,,전라남도 고흥군 봉래면 신금리,
교동항,,,,,전라남도 고흥군 봉래면 예내리,
창포항,,,,,전라남도 고흥군 봉래면 예내리,
예내항,,,,,전라남도 고흥군 봉래면 예내리,
예당항,,,,,전라남도 고흥군 봉래면 예내리,
외초항,,,,,전라남도 고흥군 봉래면 외초리,
상초항,,,,,전라남도 고흥군 봉래면 외초리,
사양항,,,,,전라남도 고흥군 봉래면 사양리,
선창항,,,,,전라남도 고흥군 봉래면 사양리,
애도항,,,,,전라남도 고흥군 봉래면 사양리,
수락항,,,,,전라남도 고흥군 봉래면 사양리,
소영항,,,,,전라남도 고흥군 동일면 봉영리,
와교항,,,,,전라남도 고흥군 동일면 봉영리,
동포항,,,,,전라남도 고흥군 동일면 백양리,
장골항,,,,,전라남도 고흥군 동일면 백양리,
양화항,,,,,전라남도 고흥군 동일면 백양리,
신초항,,,,,전라남도 고흥군 동일면 백양리,
성머리항,,,,,전라남도 고흥군 동일면 덕흥리,
성천항,,,,,전라남도 고흥군 동일면 덕흥리,
구룡항,,,,,전라남도 고흥군 동일면 덕흥리,
위미세천항,,,,,제주특별자치도 서귀포시 남원읍 위미2리,
위미종정항,,,,,제주특별자치도 서귀포시 남원읍 위미3리,
아지랑항,,,,,경상남도 거제시 거제면 법동리,
홍포항,,,,,경상남도 거제시 남부면 다포리,
태흥1리항,,,,,제주특별자치도 서귀포시 남원읍 태흥1리,
신풍항,,,,,제주특별자치도 서귀포시 성산읍 신풍리,
삼달항,,,,,제주특별자치도 서귀포시 성산읍 삼달2리,
온평중동항,,,,,제주특별자치도 서귀포시 성산읍 온평리,
신양동항,,,,,제주특별자치도 서귀포시 성산읍 신양리,
오조항,,,,,제주특별자치도 서귀포시 성산읍 오조리,
시흥항,,,,,제주특별자치도 서귀포시 성산읍 시흥리,
연도항,,,,,경상남도 통영시 도산면 도선리 연도마을,
저도항,,,,,경상남도 통영시 광도면 안정리 저도마을,
서천진동항,,,,,제주특별자치도 제주시 우도면 우도해안길,
하우목동항,,,,,제주특별자치도 제주시 우도면 우도해안길,
하고수동항,,,,,제주특별자치도 제주시 우도면 우도해안길,
주흥동항,,,,,제주특별자치도 제주시 우도면 우도해안길,
전흘동항,,,,,제주특별자치도 제주시 우도면 우도해안길,
영일동항,,,,,제주특별자치도 제주시 우도면 우도해안길,
비양동항,,,,,제주특별자치도 제주시 우도면 우도해안길,
가거도항,125.13,34.05,125.126617,34.049943,전라남도 신안군 흑산면 가거도길 1,도서
감포항,129.51,35.81,129.506214,35.806192,경상북도 경주시 감포읍 감포항구길 34-19,육지
강릉항,128.95,37.77,128.95405,37.771482,강원도 강릉시 창해로 14번길 51-26,육지
거진항,128.46,38.45,128.458461,38.445112,강원도 고성군 거진읍 거진항1길 62-3,육지
격포항,126.47,35.62,126.466515,35.620362,전라북도 부안군 변산면 격포항길 64-7,육지
계마항,126.41,35.39,126.405339,35.390057,전라남도 영광군 홍농읍 계마길 29,육지
공현진항,128.51,38.35,128.513734,38.353598,강원도 고성군 죽왕면 공현진해변길 78-1,육지
광암항,128.5,35.1,128.496717,35.102538,경상남도 창원시 마산합포구 진동면 요장리 233-40,육지
구계항,129.38,36.32,129.380131,36.318698,경상북도 영덕군 남정면 구계1길 6-7,육지
구산항,129.47,36.76,129.471029,36.757834,경상북도 울진군 기성면 구산봉산로 126-4,육지
구시포항,126.43,35.45,126.427799,35.449514,전라북도 고창군 상하면 구시포해변길 84,육지
구조라항,128.7,34.8,128.698534,34.805471,경상남도 거제시 일운면 구조라로 49,육지
국동항,127.72,34.73,127.722714,34.72431,전라남도 여수시 어항단지로 24,육지
궁촌항,129.27,37.33,129.270453,37.326515,강원도 삼척시 근덕면 궁촌해변길 140-27,육지
궁평항,126.68,37.12,126.678265,37.116716,경기도 화성시 서신면 궁평항로 1049-24,육지
금진항,129.05,37.65,129.050543,37.650407,강원도 강릉시 옥계면 헌화로 460,육지
김녕항,126.74,33.56,126.739103,33.559125,제주특별자치도 제주시 구좌읍 구좌해안로 229-16,육지
남당항,126.47,36.54,126.470769,36.535882,충청남도 홍성군 서부면 남당항로213번길 1,육지
남애항,128.79,37.94,128.787341,37.943304,강원도 양양군 현남면 매바위길 115,육지
남양항,130.83,37.47,130.833764,37.46651,경상북도 울릉군 서면 울릉순환로 1310,도서
남포항,128.32,34.96,128.319759,34.958271,경상남도 고성군 고성읍 공룡로 3070,육지
낭도항,127.54,34.6,127.536914,34.60116,전라남도 여수시 화정면 여산길 150,도서
노량항,127.86,34.95,127.860996,34.946893,경상남도 하동군 금남면 노량해안길 24,육지
녹동항,127.14,34.52,127.133304,34.52372,전라남도 고흥군 도양읍 목넘가는길 19,육지
능양항,128.25,34.81,128.243435,34.810088,경상남도 통영시 사량면 능양길 45,도서
능포항,128.74,34.89,128.738315,34.886586,경상남도 거제시 능포로16길 21 ,육지
다대다포항,128.63,34.73,128.62709,34.730624,경상남도 거제시 남부면 다대5길 46-1,육지
다대포항,128.9725,35.0542,128.978163,35.054572,부산광역시 사하구 다대동로8번길 12,육지
대변항,129.23,35.13,129.231153,35.219349,부산광역시 기장군 기장읍 기장해안로 606,육지
대진항(강원),128.42,38.5,128.427285,38.500651,강원도 고성군 현내면 대진항길 100,육지
대진항(경북),129.43,36.56,129.433633,36.558403,경상북도 영덕군 영해면 영덕대게로 2740,육지
대포근포항,128.59,34.72,128.586159,34.717888,경상남도 거제시 남부면 대포길 77,육지
대포항,128.61,38.17,128.609627,38.172161,강원도 속초시 대포동 대포항희망길 69,육지
덕산항,129.25,37.38,129.254096,37.377013,강원도 삼척시 근덕면 덕산해안로 200-23,육지
덕적도항,126.12,37.25,126.120429,37.250065,인천광역시 옹진군 덕적면 덕적북로 509,도서
도두항,126.47,33.51,126.465186,33.507527,제주특별자치도 제주시 도두일동 2605-5,육지
도장항,127.01,34.37,127.013564,34.368925,전라남도 완도군 금일읍 장정리 821,도서
돌산항,127.72,34.61,127.722363,34.614032,전라남도 여수시 돌산읍 망월대길 14,육지
득암항,126.89,34.36,126.894209,34.358869,전라남도 완도군 약산면 득암4번길 48-7,"육지, 국가어항 지정해제(2021)"
마량항,126.82,34.45,126.819276,34.447918,전라남도 강진군 마량면 미항로 150,육지
말도항,126.32,35.86,126.316911,35.855723,전라북도 군산시 옥도면 말도길 70,도서
매물도항,128.57,34.65,128.574223,34.648063,경상남도 통영시 한산면 당금길 33 ,도서
맥전포항,128.17,34.9,128.167079,34.899923,경상남도 고성군 하일면 춘암리 780-4,육지
모슬포항,126.25,33.22,126.252714,33.211247,제주특별자치도 서귀포시 대정읍 하모항구로 30,육지
모항항,126.13,36.78,126.132512,36.778031,충청남도 태안군 소원면 모항항길 122-27,육지
무창포항,126.54,36.25,126.537896,36.24974,충청남도 보령시 웅천읍 열린바다2길 46,육지
물건항,128.05,34.79,128.055843,34.797418,경상남도 남해군 삼동면 동부대로1030번길 42-26,육지
미조항,128.05,34.71,128.047199,34.712057,경상남도 남해군 미조면 미조로 235,육지
발포항,127.34,34.48,127.344464,34.482145,전라남도 고흥군 도화면 충무사길 109,육지
방어진항,129.43,35.48,129.429496,35.481735,울산광역시 동구 성끝4길 1,육지
보옥항,126.51,34.13,126.512024,34.128884,전라남도 완도군 보길면 보길로 1172-43,도서
가파상동항,,,,,제주특별자치도 서귀포시 대정읍 가파리,
마라살레덕항,,,,,제주특별자치도 서귀포시 대정읍 마라리,
묵리항,,,,,제주특별자치도 제주시 추자면 묵리1길,
신양3구항,,,,,제주특별자치도 제주시 추자면 신양2길,
고산항,,,,,전라남도 신안군 팔금면 고산리,
남강항,,,,,전라남도 신안군 암태면 신기리,
목도항,,,,,전라남도 신안군 암태면 오상리,
오상항,,,,,전라남도 신안군 암태면 오상2리,
송곡항,,,,,전라남도 신안군 암태면 송곡리,
익금항,,,,,전라남도 신안군 암태면 익금리,
오도항,,,,,전라남도 신안군 암태면 신석리,
진작항,,,,,전라남도 신안군 암태면 신석리,
당사항,,,,,전라남도 신안군 암태면 당사리,
초란항,,,,,전라남도 신안군 암태면 당사리,
중흥항,,,,,전라남도 신안군 암태면 와촌리,
세구미항,,,,,전라남도 신안군 암태면 수곡리,
소시리항,,,,,전라남도 신안군 암태면 오도리,
벗섬항,,,,,전라남도 신안군 암태면 송곡리,
북강항,,,,,전라남도 신안군 암태면 오상리,
생낌항,,,,,전라남도 신안군 암태면 익금리,
복룡항,,,,,전라남도 신안군 압해면 복룡리,
우간항,,,,,전라남도 신안군 압해면 복룡리,
가룡항,,,,,전라남도 신안군 압해면 가룡리,
조천항,,,,,전라남도 신안군 압해면 대천리,
광립항,,,,,전라남도 신안군 압해면 대천리,
반월항,,,,,전라남도 신안군 압해면 대천리,
수락1항,,,,,전라남도 신안군 압해면 대천리,
수락2항,,,,,전라남도 신안군 압해면 대천리,
수락3항,,,,,전라남도 신안군 압해면 대천리,
송공1항,,,,,전라남도 신안군 압해면 송공리,
송공2항,,,,,전라남도 신안군 압해면 송공리,
숭의항,,,,,전라남도 신안군 압해면 숭의리,
신장항,,,,,전라남도 신안군 압해면 신장리,
연막항,,,,,전라남도 신안군 압해면 장감리,
텃골항,,,,,전라남도 신안군 압해면 장감리,
가란항,,,,,전라남도 신안군 압해면 가란리,
진번항,,,,,전라남도 신안군 압해면 고이리,
기섬항,,,,,전라남도 신안군 압해면 매화리,
청석항,,,,,전라남도 신안군 압해면 매화리,
칠동항,,,,,전라남도 신안군 압해면 고이리,
마산항,,,,,전라남도 신안군 압해면 매화리,
도선장항,,,,,전라남도 신안군 압해면 신장리,
학교항,,,,,전라남도 신안군 압해면 학교리,
고이1항,,,,,전라남도 신안군 압해면 고이리,
화진2리항,,,,,경상북도 포항시 북구 송라면 화진2리,
화진1리항,,,,,경상북도 포항시 북구 송라면 화진1리,
조사리항,,,,,경상북도 포항시 북구 송라면 조사리,
방어리항,,,,,경상북도 포항시 북구 청하면 방어리,
월포리항,,,,,경상북도 포항시 북구 청하면 월포리,
청진1리항,,,,,경상북도 포항시 북구 청하면 청진1리,
청진2리항,,,,,경상북도 포항시 북구 청하면 청진2리,
청진3리항,,,,,경상북도 포항시 북구 청하면 청진3리,
오도2리항,,,,,경상북도 포항시 북구 흥해읍 오도2리,
오도1리항,,,,,경상북도 포항시 북구 흥해읍 오도1리,
칠포1리항,,,,,경상북도 포항시 북구 흥해읍 칠포1리,
여남항,,,,,경상북도 포항시 북구 환여동(여남),
환호항,,,,,경상북도 포항시 북구 환여동(환호),
두호항,,,,,경상북도 포항시 북구 두호동,
임곡리항,,,,,경상북도 포항시 남구 동해면 임곡리,
입암1리항,,,,,경상북도 포항시 남구 동해면 입암1리,
입암2리항,,,,,경상북도 포항시 남구 동해면 입암2리,
마산리항,,,,,경상북도 포항시 남구 동해면 마산리,
흥환리항,,,,,경상북도 포항시 남구 동해면 흥환리,
발산2리항,,,,,경상북도 포항시 남구 동해면 발산2리,
대동배1리항,,,,,경상북도 포항시 남구 대보면 대동배1리,
대동배2리항,,,,,경상북도 포항시 남구 대보면 대동배2리,
구만2리항,,,,,경상북도 포항시 남구 대보면 구만2리,
토산항,,,,,제주특별자치도 서귀포시 표선면 토산2리,
비양항,,,,,제주특별자치도 제주시 한림읍 비양길,
강사2리항,,,,,경상북도 포항시 남구 대보면 강사2리,
석병1리항,,,,,경상북도 포항시 남구 구룡포읍 석병1리,
삼정3리항,,,,,경상북도 포항시 남구 구룡포읍 삼정3리,
구룡포7리항,,,,,경상북도 포항시 남구 구룡포읍 구룡포7리,
구룡포6리항,,,,,경상북도 포항시 남구 구룡포읍 구룡포6리,
병포리항,,,,,경상북도 포항시 남구 구룡포읍 병포리,
하정3리항,,,,,경상북도 포항시 남구 구룡포읍 하정3리,
"하정1,2리항",,,,,"경상북도 포항시 남구 구룡포읍 하정1,2리",
장길리항,,,,,경상북도 포항시 남구 구룡포읍 장길리,
구평리항,,,,,"경상북도 포항시 남구 구룡포읍 구평1,2리",
대진리항,,,,,경상북도 포항시 남구 장기면 대진리,
영암3리항,,,,,경상북도 포항시 남구 장기면 영암3리,
영암2리항,,,,,경상북도 포항시 남구 장기면 영암2리,
영암1리항,,,,,경상북도 포항시 남구 장기면 영암1리,
신창1리항,,,,,경상북도 포항시 남구 장기면 신창1리,
신창2리항,,,,,경상북도 포항시 남구 장기면 신창2리,
계원1리항,,,,,경상북도 포항시 남구 장기면 계원1리,
계원2리항,,,,,경상북도 포항시 남구 장기면 계원2리,
두원리항,,,,,경상북도 포항시 남구 장기면 두원리,
대본항,,,,,경상북도 경주시 감포읍 대본3리,
수렴항,,,,,경상북도 경주시 양남면 수렴1리,
연동항,,,,,경상북도 경주시 감포읍 오류4리,
지경항,,,,,경상북도 경주시 양남면 수렴2리,
척사항,,,,,경상북도 경주시 감포읍 오류2리,
하서항,,,,,경상북도 경주시 양남면 하서4리,
석리항,,,,,경상북도 영덕군 영덕읍 석리,
대탄항,,,,,경상북도 영덕군 영덕읍 대탄리,
오보항,,,,,경상북도 영덕군 영덕읍 오보리,
금진1항,,,,,경상북도 영덕군 강구면 금진1리,
금진2항,,,,,경상북도 영덕군 강구면 금진2리,
삼사항,,,,,경상북도 영덕군 강구면 삼사리,
남호항,,,,,경상북도 영덕군 남정면 남호리,
원척항,,,,,경상북도 영덕군 남정면 원척리,
부흥항,,,,,경상북도 영덕군 남정면 부흥리,
경정3항,,,,,경상북도 영덕군 축산면 경정3리,
사진1항,,,,,경상북도 영덕군 영해면 사진1리,
사진3항,,,,,경상북도 영덕군 영해면 사진3리,
금곡항,,,,,경상북도 영덕군 병곡면 금곡리,
나곡항,,,,,경상북도 울진군 북면 나곡3리,
봉수항,,,,,경상북도 울진군 죽변면 죽변3리,
양정항,,,,,경상북도 울진군 울진읍 온양1리,
공세항,,,,,경상북도 울진군 울진읍 읍남3리,
산포항,,,,,경상북도 울진군 근남면 산포3리,
신망양항,,,,,경상북도 울진군 기성면 망양2리,
망양항,,,,,경상북도 울진군 기성면 망양2리,
봉산항,,,,,경상북도 울진군 기성면 봉산2리,
구암항,,,,,경상북도 울진군 평해읍 거일1리,
거일항,,,,,경상북도 울진군 평해읍 거일2리,
지경항,,,,,경상북도 울진군 후포면 금음4리,
구암항,,,,,경상북도 울릉군 서면 남서2리,
내수전항,,,,,경상북도 울릉군 울릉읍 저동3리,
석포항,,,,,경상북도 울릉군 북면 천부4리,
강사1리항,,,,,경상북도 포항시 남구 대보면 강사1리항,
석병2리항,,,,,경상북도 포항시 남구 구룡포읍 석병2리,
웅포항,,,,,경상북도 울릉군 북면 현포1리,
죽암항,,,,,경상북도 울릉군 북면 천부3리,
추산항,,,,,경상북도 울릉군 북면 추산리,
평리항,,,,,경상북도 울릉군 북면 현포2리,
학포항,,,,,경상북도 울릉군 서면 태하2리,
수정항,,,,,경상남도 창원시 구산면 수정리 229-1,
안녕항,,,,,경상남도 창원시 구산면 수정리91-27,
난포항,,,,,경상남도 창원시 구산면 난포리 288-9,
심리항,,,,,경상남도 창원시 구산면 심리 614-14,
용호항,,,,,경상남도 창원시 구산면 심리 767-12,
구복항,,,,,경상남도 창원시 구산면 구복리 96-6,
장구항,,,,,경상남도 창원시 구산면 구복리 189-10,
반동항,,,,,경상남도 창원시 구산면 반동리 611-5,
욱곡항,,,,,경상남도 창원시 구산면 내포리 780-4,
명주항,,,,,경상남도 창원시 구산면 석곡리 813-2,
군령항,,,,,경상남도 창원시 구산면 석곡리 708-5,
도만항,,,,,경상남도 창원시 진동면 다구리 136-6,
다구항,,,,,경상남도 창원시 진동면 다구리 460-5,
주도항,,,,,경상남도 창원시 진동면 요장리 226-4,
중촌항,,,,,경상남도 창원시 진동면 요장리 31-3,
선두항,,,,,경상남도 창원시 진동면 고현리 673-2,
장기항,,,,,경상남도 창원시 진동면 고현리 167-3,
율티항,,,,,경상남도 창원시 진동면 율티리 297-23,
창포항,,,,,경상남도 창원시 진동면 창포리 207-33,
소포항,,,,,경상남도 창원시 진동면 시락리 837-22,
정곡항,,,,,경상남도 창원시 진동면 시락리 452-1,
속천항,,,,,경상남도 창원시 안곡동 3-112,
장천항,,,,,경상남도 창원시 풍호동 782-32,
제덕항,,,,,경상남도 창원시 웅천동 167-9,
남양항,,,,,경상남도 창원시 웅동1동 324-14,
안성항,,,,,경상남도 창원시 웅동2동 464-4,
청천항,,,,,경상남도 창원시 청안동 454-2,
안골항,,,,,경상남도 창원시 웅동2동 525-2,
선촌항,,,,,경상남도 통영시 용남면 화삼리 선촌마을,
죽촌항,,,,,경상남도 통영시 용남면 원평리 죽촌마을,
적덕항,,,,,경상남도 통영시 광도면 덕포리 적덕마을,
마구촌항,,,,,경상남도 통영시 광도면 용호리 마구촌마을,
용호항,,,,,경상남도 통영시 광도면 용호리 용호마을,
중촌항,,,,,경상남도 통영시 광도면 안정리 중촌마을,
임내항,,,,,경상남도 통영시 광도면 안정리 임내마을,
임중항,,,,,경상남도 통영시 광도면 황리 임중마을,
신평항,,,,,경상남도 통영시 도산면 원산리 신평마을,
마상촌항,,,,,경상남도 통영시 도산면 오륜리 마상촌마을,
유촌항,,,,,경상남도 통영시 도산면 저산리 유촌마을,
잠포항,,,,,경상남도 통영시 도산면 법송리 잠포마을,
분진포항,,,,,경상남도 통영시 도산면 법송리 분진포마을,
외촌항,,,,,경상남도 통영시 도산면 오륜리 외촌마을,
구촌항,,,,,경상남도 통영시 도산면 수월리 구촌마을,
다시몰항,,,,,경상남도 통영시 산양읍 풍화리 다시몰마을,
벌포항,,,,,경상남도 통영시 산양읍 풍화리 벌포마을,
경포항,,,,,경상남도 통영시 산양읍 풍화리 경포마을,
향촌항,,,,,경상남도 통영시 산양읍 풍화리 향촌마을,
해란항,,,,,경상남도 통영시 산양읍 풍화리 해란마을,
함박항,,,,,경상남도 통영시 산양읍 풍화리 함박마을,
명지항,,,,,경상남도 통영시 산양읍 풍화리 명지마을,
상장항,,,,,경상남도 통영시 산양읍 풍화리 상장마을,
장월항,,,,,경상남도 통영시 산양읍 풍화리 장월마을,
답하항,,,,,경상남도 통영시 산양읍 신전리 답하마을,
봉전항,,,,,경상남도 통영시 산양읍 신전리 봉전마을,
신봉항,,,,,경상남도 통영시 산양읍 신전리 신봉마을,
수륙항,,,,,경상남도 통영시 산양읍 영운리 수륙마을,
세포항,,,,,경상남도 통영시 산양읍 남평리 세포마을,
대평항,,,,,경상남도 통영시 명정동 대평마을,
국치항,,,,,경상남도 통영시 인평동 국치마을,
갈목항,,,,,경상남도 통영시 인평동 갈목마을,
북신항,,,,,경상남도 통영시 북신동,
달아항,,,,,경상남도 통영시 산양읍 미남리 달아마을,
노전항,,,,,경상남도 통영시 도산면 도선리 노전마을,
저산항,,,,,경상남도 통영시 도산면 저산리 저산마을,
상양지항,,,,,경상남도 통영시 도산면 수월리 상양지마을,
하양지항,,,,,경상남도 통영시 도산면 수월리 하양지마을,
가오치항,,,,,경상남도 통영시 도산면 오륜리 가오치마을,
송계항,,,,,경상남도 통영시 도산면 법송리 송계마을,
좌진포항,,,,,경상남도 통영시 광도면 용호리 좌진포마을,
외간항,,,,,경상남도 거제시 거제면 내간리,
원주항,,,,,전라남도 고흥군 과역면 백일리,
진지항,,,,,전라남도 고흥군 과역면 백일리,
우도항,,,,,전라남도 고흥군 남양면 남양리,
지주도항,,,,,전라남도 보성군 벌교읍 장도리,
신갱이항,,,,,전라남도 보성군 벌교읍 장도리,
대촌항,,,,,전라남도 보성군 벌교읍 장도리,
부수항,,,,,전라남도 보성군 벌교읍 장도리,
해도항,,,,,전라남도 보성군 벌교읍 장도리,
오동항,,,,,전라남도 보성군 벌교읍 장도리,
노력항,126.96,34.46,,,전라남도 장흥군 회진면 덕산리 2038-31,
가우도항,,,,,전라남도 강진군 도암면 신기리,
상마항,,,,,전라남도 해남군 화산면 삼마리 산56,
중마항,,,,,전라남도 해남군 화산면 삼마리 산163,
하마항,,,,,전라남도 해남군 화산면 삼마리 산 306,
녹도항,,,,,전라남도 해남군 문내면 학동리 산 71-1,
임하항,,,,,전라남도 해남군 문내면 예락리 1339-5,
시하도항,,,,,전라남도 해남군 화원면 치하리 산19,
탄도항,,,,,전라남도 무안군 망운면 탄도리,
저도항,,,,,전라남도 무안군 해제면 송석리,
상낙월항,,,,,전라남도 영광군 낙월면 상낙월리,
하낙월항,,,,,전라남도 영광군 낙월면 하낙월리,
대각시항,,,,,전라남도 영광군 낙월면 임병리,
소각시항,,,,,전라남도 영광군 낙월면 임병리,
송이도항,,,,,전라남도 영광군 낙월면 송이리,
대각이항,,,,,전라남도 영광군 낙월면 각이리,
대석만항,,,,,전라남도 영광군 낙월면 석만리,
소석만항,,,,,전라남도 영광군 낙월면 석만리,
나리고지항,,,,,전라남도 신안군 도초면 수다리,
진리항,,,,,전라남도 신안군 흑산면 진리,
읍동항,,,,,전라남도 신안군 흑산면 진리,
마리항,,,,,전라남도 신안군 흑산면 마리,
비리항,,,,,전라남도 신안군 흑산면 비리,
곤촌항,,,,,전라남도 신안군 흑산면 곤촌리,
소사항,,,,,전라남도 신안군 흑산면 예리2구,
천촌항,,,,,전라남도 신안군 흑산면 예리3구,
청촌항,,,,,전라남도 신안군 흑산면 예리4구,
대목항,,,,,전라남도 신안군 흑산면 예리,
장도항,,,,,전라남도 신안군 흑산면 장도리,
다물도항,,,,,전라남도 신안군 흑산면 다물도리,
도목항,,,,,전라남도 신안군 흑산면 도목리,
수리항,,,,,전라남도 신안군 흑산면 수리,
오리항,,,,,전라남도 신안군 흑산면 오리,
오리뒤항,,,,,전라남도 신안군 흑산면 오리,
상태도항,,,,,전라남도 신안군 흑산면 태도리,
중태도항,,,,,전라남도 신안군 흑산면 태도리,
가거2항,,,,,전라남도 신안군 흑산면 가거도리,
가거3항,,,,,전라남도 신안군 흑산면 가거도리,
홍도2항,,,,,전라남도 신안군 흑산면 홍도리,
예리2항,,,,,전라남도 신안군 흑산면 예리,
홍도1항,,,,,전라남도 신안군 흑산면 홍도리,
웅곡항,,,,,전라남도 신안군 하의면 웅곡리,
거북바위항,,,,,전라남도 신안군 하의면 웅곡리,
세구미항,,,,,전라남도 신안군 하의면 어은리,
피섬항,,,,,전라남도 신안군 하의면 어은리,
봉도항,,,,,전라남도 신안군 하의면 오림리,
대당두항,,,,,전라남도 신안군 하의면 대리,
소당두항,,,,,전라남도 신안군 하의면 대리,
딴전월항,,,,,전라남도 신안군 하의면 후광리,
소포항,,,,,전라남도 신안군 하의면 후광리,
역구미항,,,,,전라남도 신안군 하의면 후광리,
개도항,,,,,전라남도 신안군 하의면 후광리,
장병도항,,,,,전라남도 신안군 하의면 후광리,
문병도항,,,,,전라남도 신안군 하의면 후광리,
능산항,,,,,전라남도 신안군 하의면 능산리,
장재도항,,,,,전라남도 신안군 하의면 능산리,
대야도항,,,,,전라남도 신안군 하의면 능산리,
신도항,,,,,전라남도 신안군 하의면 능산리,
옥도항,,,,,전라남도 신안군 하의면 옥도리,
당두항,,,,,전라남도 신안군 신의면 상태서리,
동면항,,,,,전라남도 신안군 신의면 상태서리,
기도항,,,,,전라남도 신안군 신의면 상태서리,
상동항,,,,,전라남도 신안군 신의면 상태서리,
납닥항,,,,,전라남도 신안군 신의면 상태서리,
곽도항,,,,,전라남도 진도군 조도 맹골리,
가사항,,,,,전라남도 진도군 조도 가사도리 돌목길 129-103,
궁항항,,,,,전라남도 진도군 조도 가사리 궁항길148,
돌목항,,,,,전라남도 진도군 조도 가사리,
주지항,,,,,전라남도 진도군 조도 가사리,
양덕항,,,,,전라남도 진도군 조도 가사리,
가사혈도항,,,,,전라남도 진도군 조도 가사리,
송도항,,,,,전라남도 진도군 조도 가사리,
광대도항,,,,,전라남도 진도군 조도 가사리,
벽파항,,,,,전라남도 진도군 고군면 벽파리,
가학항,,,,,전라남도 진도군 지산면 가학리,
어의항,,,,,전라남도 신안군 지도읍 어의리,
강변항,,,,,전라남도 신안군 지도읍 어의리,
포작항,,,,,전라남도 신안군 지도읍 어의리,
하탑항,,,,,전라남도 신안군 지도읍 탄동리,
탑선항,,,,,전라남도 신안군 지도읍 탄동리,
지신개항,,,,,전라남도 신안군 지도읍 당촌리,
당말항,,,,,전라남도 신안군 지도읍 당촌리,
선도항,,,,,전라남도 신안군 지도읍 선도리,
북촌항,,,,,전라남도 신안군 지도읍 선도리,
광암항,,,,,전라남도 신안군 증도면 증동리,
오산항,,,,,전라남도 신안군 증도면 방축리,
오산뒤항,,,,,전라남도 신안군 증도면 오산리,
나릿구지항,,,,,전라남도 신안군 증도면 방축리,
버지항,,,,,전라남도 신안군 증도면 대초리,
불치항,,,,,전라남도 신안군 증도면 우전리,
병풍항,,,,,전라남도 신안군 증도면 병풍리,
보기항,,,,,전라남도 신안군 증도면 병풍리,
대기점항,,,,,전라남도 신안군 증도면 병풍리,
소기점항,,,,,전라남도 신안군 증도면 병풍리,
소악항,,,,,전라남도 신안군 증도면 병풍리,
유지항,,,,,전라남도 신안군 증도면 대초리,
진리항,,,,,전라남도 신안군 임자면 진리,
수도항,,,,,전라남도 신안군 임자면 수도리,
하우항,,,,,전라남도 신안군 임자면 하우리,
목섬항,,,,,전라남도 신안군 자면 삼두리,
삼두항,,,,,전라남도 신안군 자면 삼두리,
현기미항,,,,,전라남도 신안군 자면 삼두리,
대머리항,,,,,전라남도 신안군 임자면 이흑암리,
신명항,,,,,전라남도 신안군 임자면 대기리,
남진항,,,,,전라남도 신안군 자은면 유각리,
욕지항,,,,,전라남도 신안군 자은면 욕지리,
고교항,,,,,자전라남도 신안군 은면 한운리,
한운항,,,,,자전라남도 신안군 은면 한운리,
당두항,,,,,전라남도 신안군 비금면 광대리,
사월포항,,,,,전라남도 신안군 자은면 고장리,
가산항,,,,,전라남도 신안군 비금면 가산리,
신창항,,,,,전라남도 신안군 비금면 죽림리,
관청동항,,,,,전라남도 신안군 비금면 수대리,
수치항,,,,,전라남도 신안군 비금면 수치리,
육동항,,,,,전라남도 진도군 조도 신육리 육동길13,
신전항,,,,,전라남도 진도군 조도 신육리 신전길23,
가어지항,,,,,전라남도 신안군 비금면 수치리,
내포항,,,,,전라남도 신안군 비금면 내월리,
수대항,,,,,전라남도 신안군 비금면 수대리,
죽도항,,,,,전라남도 신안군 도초면 지남리,
시목항,,,,,전라남도 신안군 도초면 오류리,
한산항,,,,,전라남도 신안군 도초면 죽련리,
죽련항,,,,,전라남도 신안군 도초면 죽련리,
언감포항,,,,,전라남도 신안군 도초면 고란리,
조진항,,,,,전라남도 신안군 도초면 이곡리,
소신항,,,,,전라남도 신안군 도초면 이곡리,
매실항,,,,,전라남도 신안군 도초면 수다리,
동진개항,,,,,경상남도 거제시 장목면 구영리,
임호항,,,,,경상남도 거제시 장목면 농소리,
신촌항,,,,,경상남도 거제시 장목면 송진포리,
매동항,,,,,경상남도 거제시 장목면 장목리,
군항포항,,,,,경상남도 거제시 장목면 장목리,
해안항,,,,,경상남도 거제시 하청면 덕곡리,
와항항,,,,,경상남도 거제시 하청면 실전리,
실전항,,,,,경상남도 거제시 하청면 실전리,
실리도항,,,,,경상남도 창원시 구산면 심리 1-84,
저도항,,,,,경상남도 창원시 구산면 구복리 337-7,
송도항,,,,,경상남도 창원시 진동면 진동리 1024,
맹골항,,,,,전라남도 진도군 조도 맹골리 맹골도길24-4,
맹골죽도항,,,,,전라남도 진도군 조도 맹골리 맹골죽도길33,
양도항,,,,,경상남도 창원시 진동면 고현리 929,
수우도항,,,,,경상남도 창원시 진동면 요장리 198-4,
연도항,,,,,경상남도 창원시 연도동 176-1,
읍도항,,,,,경상남도 통영시 도산면 오륜리 읍도마을,
입도항,,,,,경상남도 통영시 광도면 덕포리 입도마을,
해간항,,,,,경상남도 통영시 용남면 장평리 해간마을,
오곡항,,,,,경상남도 통영시 산양읍 연곡리 오곡마을,
송도항,,,,,경상남도 통영시 산양읍 저림리 송도마을,
만지항,,,,,경상남도 통영시 산양읍 저림리 만지마을,
대웅포항,,,,,경상남도 통영시 산양읍 오비리 대웅포마을,
소웅포항,,,,,경상남도 통영시 산양읍 오비리 소웅포마을,
사당개항,,,,,경상남도 통영시 산양읍 오비리 사당개마을,
외박골항,,,,,경상남도 통영시 산양읍 오비리 외박골마을,
목박치항,,,,,경상남도 통영시 산양읍 오비리 목박치항,
사금항,,,,,경상남도 통영시 사량면 금평리 사금마을,
은포항,,,,,경상남도 통영시 사량면 양지리 은포마을,
사포항,,,,,경상남도 통영시 사량면 양지리 사포마을,
통포항,,,,,경상남도 통영시 사량면 양지리 통포마을,
통단항,,,,,경상남도 통영시 욕지면 동항리 통단마을,
노적항,,,,,경상남도 통영시 욕지면 동항리 노적마을,
대송항,,,,,경상남도 통영시 욕지면 동항리 대송마을,
청사항,,,,,경상남도 통영시 욕지면 동항리 청사마을,
목과항,,,,,경상남도 통영시 욕지면 동항리 목과마을,
봉도항,,,,,경상남도 통영시 욕지면 동항리 봉도마을,
유동항,,,,,경상남도 통영시 욕지면 서산리 유동마을,
덕동항,,,,,경상남도 통영시 욕지면 서산리 덕동마을,
도동항,,,,,경상남도 통영시 욕지면 서산리 도동마을,
갈도항,,,,,경상남도 통영시 욕지면 서산리 갈도마을,
산등항,,,,,경상남도 통영시 욕지면 노대리 산등마을,
납도항,,,,,경상남도 통영시 욕지면 노대리 납도마을,
우도항,,,,,경상남도 통영시 욕지면 연화리 우도마을,
동두항,,,,,경상남도 통영시 욕지면 연화리 동두마을,
죽전항,,,,,경상남도 통영시 한산면 하소리 죽전마을,
하소항,,,,,경상남도 통영시 한산면 하소리 하소마을,
진두항,,,,,경상남도 통영시 한산면 하소리 진두마을,
의암항,,,,,경상남도 통영시 한산면 하소리 의암마을,
비산도항,,,,,경상남도 통영시 한산면 염호리 비산도마을,
대고포항,,,,,경상남도 통영시 한산면 염호리 대고포마을,
장곡항,,,,,경상남도 통영시 한산면 창좌리 장곡마을,
창동항,,,,,경상남도 통영시 한산면 창좌리 창동마을,
입정포항,,,,,경상남도 통영시 한산면 창좌리 입정포마을,
문어포항,,,,,경상남도 통영시 한산면 두억리 문어포마을,
의항항,,,,,경상남도 통영시 한산면 두억리 의항항,
외항항,,,,,경상남도 통영시 한산면 비진리 외항마을,
소매물도항,,,,,경상남도 통영시 한산면 매죽리 소매물도마을,
장사도항,,,,,경상남도 통영시 한산면 매죽리 장사마을,
가왕도항,,,,,경상남도 통영시 한산면 매죽리 가왕마을,
대항항,,,,,경상남도 통영시 한산면 매죽리 대항마을,
저도항,,,,,경상남도 통영시 산양읍 연곡리 저도마을,
하리항,,,,,경상남도 통영시 욕지면 노대리 하노대마을,
탄항항,,,,,경상남도 통영시 욕지면 노대리 탄항마을,
남구항,,,,,경상남도 통영시 욕지면 두미리 남구마을,
북구항,,,,,경상남도 통영시 욕지면 두미리 북구마을,
죽도항,,,,,경상남도 통영시 한산면 매죽리 죽도마을,
추원항,,,,,경상남도 통영시 한산면 추봉리 추원마을,
예곡항,,,,,경상남도 통영시 한산면 추봉리 예곡마을,
자란도항,,,,,경상남도 고성군 하일면 송천리,
와도항,,,,,경상남도 고성군 삼산면 두포리,
수원항,,,,,제주특별자치도 제주시 한림읍 한림해안로,
보목항,,,,,제주특별자치도 서귀포시 보목동,
하예항,,,,,제주특별자치도 서귀포시 하예동,
일과항,,,,,제주특별자치도 서귀포시 대정읍 일과2리,
동일항,,,,,제주특별자치도 서귀포시 대정읍 동일1리,
하례항,,,,,제주특별자치도 서귀포시 남원읍 하례1리,
신례항,,,,,제주특별자치도 서귀포시 남원읍 신례2리,
상진항,127.41,34.82,127.411603,34.814846,전라남도 보성군 벌교읍 장암길 411,상진항
서도항,127.29,34.05,127.296954,34.054264,전라남도 여수시 삼산면 장덕로 334,서도항
서상항,127.83,34.81,127.832347,34.809433,경상남도 남해군 서면 남서대로 1687번길 28-12,서상항
서성항,127,34.34,126.996186,34.336531,전라남도 완도군 생일면 생일로 641,서성항
선두항,126.5,37.6,126.495032,37.59797,인천광역시 강화군 길상면 해안남로619번길 24,선두항
선소항,127.91,34.85,127.914526,34.846956,경상남도 남해군 남해읍 선소로 165번길 18-10 ,선소항
선유도항,126.42,35.81,126.416838,35.8107,전라북도 군산시 옥도면 선유북길 31,선유도항
설도항,126.38,35.21,126.374957,35.21098,전라남도 영광군 염산면 향화로5길 21-9,설도항
성두항,127.78,34.59,127.781805,34.58756,전라남도 여수시 돌산읍 성두길 20-11,성두항
성등포항,126.02,34.32,126.019652,34.322287,전라남도 진도군 조도면 섬등포길 81-5,성등포항
성천항,126.5,35.65,126.498687,35.654658,전라북도 부안군 변산면 성천길 7-16,성천항
성포항,128.52,34.92,128.524888,34.921298,경상남도 거제시 사등면 성포로 3길 16 ,성포항
세포항,127.63,34.63,127.628255,34.630714,전라남도 여수시 화양면 세포당머리길 28-8,세포항
세화항,126.86,33.53,126.856289,33.528901,제주특별자치도 제주시 구좌읍 세화리 1500-65,세화항
소돌항,128.83,37.9,128.830367,37.904338,강원도 강릉시 주문진읍 해안로 1960,소돌항
소연평항,125.71,37.61,125.708501,37.612593,인천광역시 옹진군 연평면 소연평로19번길 5-32,소연평항
소우이도항,125.87,34.61,125.871748,34.609959,전라남도 신안군 도초면 서우이길 25,소우이도항
소율항,127.8,34.6,127.804585,34.596296,전라남도 여수시 돌산읍 소율길 34,소율항
손죽항,127.36,34.29,127.361106,34.289652,전라남도 여수시 삼산면 손죽길 13,손죽항
송석항,126.63,36.07,126.620897,36.076642,충청남도 서천군 마서면 와석길18번길 30-1,송석항
송정항,129.21,35.18,129.206614,35.180509,부산광역시 해운대구 송정해변로 1-19,송정항
송평항,126.48,34.43,126.48287,34.42574,전라남도 해남군 화산면 송계길 48-74,송평항
송포항,126.53,35.67,126.526269,35.675301,전라북도 부안군 변산면 송포길 69,송포항
송포항,128.64,35.01,128.641629,35.012737,경상남도 거제시 하청면 대곡5길 35 ,송포항
송호항,126.52,34.32,126.515438,34.315587,전라남도 해남군 송지면 땅끝해안로 1796-28,송호항
수대항,125.93,34.72,125.937607,34.720996,전라남도 신안군 비금면 송치길 161,수대항
수문항,127.03,34.63,127.031239,34.630722,전라남도 장흥군 안양면 수문1길 58,수문항
수월항,128.33,34.88,128.327117,34.883202,경상남도 통영시 도산면 도산일주로 1190-65 ,수월항
수치항,128.7,35.11,128.70346,35.105547,경상남도 창원시 진해구 행암로 362번길 66 ,수치항
술상항,127.92,34.99,127.922771,34.989336,경상남도 하동군 진교면 술상길 189,술상항
시락항,128.44,35.07,128.441057,35.07161,경상남도 창원시 마산합포구 진전면 회진로 1024-1 ,시락항
시방항,128.71,34.96,128.71,34.964997,경상남도 거제시 장목면 시방2길 34-1 ,시방항
식도항,126.29,35.63,126.286641,35.623315,전라북도 부안군 위도면 중선넘길 5,식도항
신남항,129.33,37.27,129.327965,37.265492,강원도 삼척시 원덕읍 삼척로 1852-6,신남항
신암항,129.23,35.22,129.223963,35.214336,부산광역시 기장군 기장읍 연화1길 184,신암항
신암항,129.33,35.35,129.326493,35.347073,울산광역시 울주군 서생면 신암해안길 39-1,신암항
신양항,126.33,33.94,126.33,33.94,제주특별자치도 제주시 추자면 추자로 576-15 ,신양항
신창항,126.18,33.35,126.179575,33.348297,제주특별자치도 제주시 한경면 신창3길 12 ,신창항
신천항,126.86,33.34,126.856458,33.340262,제주특별자치도 서귀포시 성산읍 신천서로 87,신천항
신흥항,126.91,34.19,126.908877,34.184742,전라남도 완도군 청산면 청산로 685,신흥항
심리항,125.4,34.65,125.396564,34.652002,전라남도 신안군 흑산면 심리길 2,심리항
쌍근항,128.58,34.76,128.585847,34.7626,경상남도 거제시 남부면 남부해안로 1036 ,쌍근항
어불항,126.48,34.34,126.475554,34.33733,전라남도 해남군 송지면 어불길 20,어불항
어사항,126.47,36.55,126.464628,36.550372,충청남도 홍성군 서부면 남당항로361번길 9-3,어사항
어은돌항,126.13,36.75,126.127396,36.75128,충청남도 태안군 소원면 연들길 109-18,어은돌항
연대항,128.39,34.74,128.395299,34.737171,경상남도 통영시 산양읍 연대길 4 ,연대항
연명항,128.4,34.78,128.39584,34.778387,경상남도 통영시 산양읍 연명길 30 ,연명항
연소항,127.12,34.45,127.117472,34.444956,전라남도 고흥군 금산면 연소윗길 54-13,연소항
연화항,128.35,34.65,128.350904,34.649722,경상남도 통영시 욕지면 본촌길 11 ,연화항
염포항,127.49,34.42,127.492079,34.424888,전라남도 고흥군 봉래면 우주로 3955,염포항
서근항,127,34,,,경상남도 하동군 금성면 갈사리 1233,
영목항,126.43,36.4,126.427505,36.399108,충청남도 태안군 고남면 영목항로 72,영목항
영산항,125.47,34.65,125.464814,34.651729,전라남도 신안군 흑산면 영산길 20,영산항
영운항,128.43,34.8,128.4335,34.800336,경상남도 통영시 산양읍 이운길 101 ,영운(이운)
평산2항,127,34,,,경상남도 남해군 남면 평산리 1947-3,
수원늘항,127,34,,,경상남도 남해군 설천면 문의리 1386-5,
왕지항,127,34,,,경상남도 남해군 설천면 문의리 1046-3,
고현항,127,34,,,경상남도 남해군 고현면 갈화리 162-8,
가인포항,128,34,,,경상남도 남해군 미조면 송정리 16-20,
소량항,127,34,,,경상남도 남해군 상주면 양아리 770,
복병항,128,34,,,경상남도 남해군 삼동면 금송리 142-8,
고순항,127,34,,,경상남도 남해군 창선면 율도리 770-11,
언포항,128,34,,,경상남도 남해군 창선면 가인리 176-6,
진목항,127,34,,,경상남도 남해군 설천면 진목리 77-10,
서갈화항,127,34,,,경상남도 남해군 고현면 갈화리 217-6,
작장항,127,34,,,경상남도 남해군 서면 작장리 1496-2,
상남항,127,34,,,경상남도 남해군 서면 작장리 915-3,
동비항,127,34,,,경상남도 남해군 설천면 비란리 1197-8,
고사항,127,34,,,경상남도 남해군 설천면 진목리 19-5,
보천항,127,34,,,경상남도 남해군 창선면 서대리 1071-5,
고두항,128,34,,,경상남도 남해군 창선면 가인리 205-9,
가인항,128,34,,,경상남도 남해군 창선면 가인리 153-2,
대곡항,128,34,,,경상남도 남해군 창선면 진동리 787-5,
서대항,127,34,,,경상남도 남해군 창선면 서대리 1064-4,
식포항,128,34,,,경상남도 남해군 창선면 가인리 175,
후리망골항,128,34,,,경상남도 남해군 창선면 대벽리 825-10,
모천항,127,34,,,경상남도 남해군 설천면 문항리 693-6,
이어항,127,34,,,경상남도 남해군 고현면 이어리 157-7,
도마항,127,34,,,경상남도 남해군 고현면 도마리 147-11,
예계항,127,34,,,경상남도 남해군 서면 서상리 1608-4,
당항항,128,34,,,경상남도 남해군 창선면 당항리 246-4,
북섬항,127,34,,,경상남도 남해군 삼동면 영지리 1873-3,
와현항,127,34,,,경상남도 남해군 삼동면 지족리 1036-3,
대지포항,128,34,,,경상남도 남해군 삼동면 물건리 1044-2,
고잔항,127,34,,,경상남도 남해군 삼동면 영지리 2764-2,
송남항,128,34,,,경상남도 남해군 미조면 송정리 1034-6,
숙호항,127,34,,,경상남도 남해군 남면 석교리 386,
덕월항,127,34,,,경상남도 남해군 남면 덕월리 308-2,
두곡항,127,34,,,경상남도 남해군 남면 당항리 31-6,
가천항,127,34,,,경상남도 남해군 남면 홍현리 189-4,
대량항,127,34,,,경상남도 남해군 상주면 양아리 911-3,
고모항,127,34,,,경상남도 남해군 이동면 초음리 80-2,
초양항,127,34,,,경상남도 남해군 이동면 초음리 739-5,
토촌항,127,34,,,경상남도 남해군 남해읍 토촌리 388-1,
섬호항,127,34,,,경상남도 남해군 남해읍 입현리 370-1,
심천항,127,34,,,경상남도 남해군 남해읍 심천리 45-3,
노도항,127,34,,,경상남도 남해군 상주면 양아리 1968-4,
조도항,128,34,,,경상남도 남해군 미조면 미조리 1029-10,
호도항,128,34,,,경상남도 남해군 미조리 미조리 1092-1,
대치항,127,34,,,경상남도 하동군 금남면 대치리 6-4,
송문항,127,34,,,경상남도 하동군 금남면 송문리 825-6,
명덕항,127,34,,,경상남도 하동군 금성면 가덕리 산 6-3,
내도항,127,34,,,경상남도 하동군 금성면 갈사리 1233-1 ,
연막항,127,34,,,경상남도 하동군 금성면 갈사리 1234,
나팔항,127,34,,,경상남도 하동군 금성면 갈사리 1240-1,
고포항,127,34,,,경상남도 하동군 금성면 갈사리 925-6,
양포항,127,35,,,경상남도 하동군 진교면 양포리 38-26,
대도항,127,34,,,경상남도 하동군 금남면 대도리 201-5,
귀덕2항,126,33,,,제주특별자치도 제주시 한림읍 한림해안로 630,
용운동항,126,33,,,제주특별자치도 제주시 한림읍 한림 해안로 474,
옹포항,126,33,,,제주특별자치도 제주시 한림읍 한림로 485,
협재항,126,33,,,제주특별자치도 제주시 한림읍 협재1길 47,
금능항,126,33,,,제주특별자치도 제주시 한림읍 금능9길 23,
월령항,126,33,,,제주특별자치도 제주시 한림읍 월령3길 36,
미수동항,126,33,,,제주특별자치도 제주시 애월읍 하귀미수동길 77,
가문동항,126,33,,,제주특별자치도 제주시 애월읍 가문동길 77,
구엄항,126,33,,,제주특별자치도 제주시 애월읍 구엄4길 43,
신엄항,126,33,,,제주특별자치도 제주시 애월읍 엄장로 184,
고내항,126,33,,,제주특별자치도 제주시 애월읍 고내5길 4,
곽지항,126,33,,,제주특별자치도 제주시 애월읍 곽지11길 27,
금성항,126,33,,,제주특별자치도 제주시 애월읍 금성1길 30,
하도항,33,33,,,제주특별자치도 제주시 구좌읍 해맞이해안로 1708,
평대항,126,33,,,제주특별자치도 제주시 구좌읍 해맞이해안로 1155,
한동항,126,33,,,제주특별자치도 제주시 구좌읍 해맞이해안로 990,
행원항,126,33,,,제주특별자치도 제주시 구좌읍 행원로7길 23,
월정항,126,33,,,제주특별자치도 제주시 구좌읍 해맞이해안로 428,
동김녕항,126,33,,,제주특별자치도 제주시 구좌읍 김녕로17길 25,
동복항,126,33,,,제주특별자치도 제주시 구좌읍 동복로3길 21,
북촌항,126,33,,,제주특별자치도 제주시 조천읍 북촌리7길 37,
함덕항,126,33,,,제주특별자치도 제주시 조천읍 조함해안로 441,
신촌항,126,33,,,제주특별자치도 제주시 조천읍 신촌3길 39,
신흥항,126,33,,,제주특별자치도 제주시 조천읍 조함해안로 329,
판포항,126,33,,,제주특별자치도 제주시 한경면 일주서로 4549,
두모항,126,33,,,제주특별자치도 제주시 한경면 두모5길,
용당항,126,33,,,제주특별자치도 제주시 한경면 용수리 3895-1,
용수항,126,33,,,제주특별자치도 제주시 한경면 용수3길 24,
삼양1동항,126,33,,,제주특별자치도 제주시 서흘1길 71,
삼양3동항,126,33,,,제주특별자치도 제주시 벌렁길 82,
용담3동항,126,33,,,제주특별자치도 제주시 용담삼동 1064-14,
도두사수항,126,33,,,제주특별자치도 제주시 도리로 254,
이호1동항,126,33,,,제주특별자치도 제주시 서해안로 99,
이호현사항,126,33,,,제주특별자치도 제주시 테우해안로 144,
내도항,126,33,,,제주특별자치도 제주시 내도1길 24,
외도연대항,126,33,,,제주특별자치도 제주시 외도이동 1956-52,
신도항,126,33,,,제주특별자치도 서귀포시 대정읍 신도리 3135-1,
산이수동항,126,33,,,제주특별자치도 서귀포시 대정읍 상모리 130-10,
남원항,126,33,,,제주특별자치도 서귀포시 남원읍 남원리 91-14,
신흥항,126,33,,,제주특별자치도 서귀포시 남원읍 신흥리 135-5,
태흥3항,126,33,,,제주특별자치도 서귀포시 남원읍 태흥리 62-29,
신산항,126,33,,,제주특별자치도 서귀포시 성산읍 신산리 565-10,
온평항,126,33,,,제주특별자치도 서귀포시 성산읍 온평리 1001-4,
대평항,126,33,,,제주특별자치도 서귀포시 안덕면 감산리 982-6,
세화항,126,33,,,제주특별자치도 서귀포시 표선면 세화리 1500-62,
하천항,126,33,,,제주특별자치도 서귀포시 표선면 하천리 71-4,
신호항,128,35,,,부산광역시 강서구 신호산단1로 54(신호동) 일원,
순아항,128,35,,,부산광역시 강서구 명지동 627-27일원,
대항새바지항,128,35,,,부산광역시 강서구 대항동 24-4일원,
신전항,128,35,,,부산광역시 강서구 명지동 2033-15일원,
암남항,129,35,,,부산광역시 서구 암남동 135-22 일원,
장림항,128,35,,,부산광역시 사하구 사하구 장림동 1092번지 일원,
중동항,129,35,,,부산광역시 기장군 기장읍 문동리 293-5일원,
동암항,129,35,,,부산광역시 기장군 기장읍 시랑리 62-20일원,
공수항,129,35,,,부산광역시 기장군 기장읍 시랑리 545-11일원,
이천항,129,35,,,부산광역시 기장군 일광면 이천리 395-19일원,
영종항,126,37,,,인천광역시 중구 중산동 1-39,
덕교항,126,37,,,인천광역시 중구 덕교동 103-14,
소무의항,126,37,,,인천광역시 중구 무의동 998-13,
예단포항,126,37,,,인천광역시 중구 운북동 1264-2,
삼목항,126,37,,,인천광역시 중구 운서동 2828-1,
세어도항,126,37,,,인천광역시 서구 원창동 345번지,
남동항,126,37,,,인천광역시 남동구 논현동66-52 ,
황산도항,126,37,,,인천광역시 강화군 길상면 초지리1331-19,
선두4리항,126,37,,,인천광역시 강화군 길상면 선두리1336-6,
분오리항,126,37,,,인천광역시 강화군 화도면 사기리520-12,
더리미항,126,37,,,인천광역시 강화군 선원면 신정리12-33,
건평항,126,37,,,인천광역시 강화군 양도면 건평리623-22,
서두물항,126,37,,,인천광역시 강화군 길상면 동검리109-2,
초지항,126,37,,,인천광역시 강화군 길상면 초지리616-38,
뱃말항,126,37,,,인천광역시 옹진군 영흥면 선재리 96-1,
장촌항,124,37,,,인천광역시 옹진군 백령면 남포리 산 282-1,
중화동항,124,37,,,인천광역시 옹진군 백령면 연화리 산 2-3,
서포리항,126,37,,,인천광역시 옹진군 덕적면 서포리 95-1,
지도항,126,37,,,인천광역시 옹진군 덕적면 백아리 산 164-6,
신도2리항,126,37,,,인천광역시 옹진군 북도면 신도리 523-58,
옹암항,126,37,,,인천광역시 옹진군 북도면 장봉리 20-17,
고봉포항,124,37,,,인천광역시 옹진군 백령면 진촌리 산 158-1,
도우항,126,37,,,인천광역시 옹진군 덕적면 진리 86-3,
소야리항,126,37,,,인천광역시 옹진군 덕적면 소야리 598-2,
문갑항,126,37,,,인천광역시 옹진군 덕적면 문갑리 74-15,
달바위항,126,37,,,인천광역시 옹진군 자월면 자월리 306-9,
승봉항,126,37,,,인천광역시 옹진군 자월면 승봉리 824-20,
대이작항,126,37,,,인천광역시 옹진군 자월면 이작리 760-7,
소이작항,126,37,,,인천광역시 옹진군 자월면 이작리 44-7,
굼바우항,129,35,,,울산광역시 북구 신명동 270-7,
신명항,129,35,,,울산광역시 북구 신명동 270-8,
제전항,129,35,,,울산광역시 북구 구유동 127-13,
어물항,129,35,,,울산광역시 북구 어물동 1340-4,
진하항,129,35,,,울산광역시 울주군 서생면 진하리 410,
평동항,129,35,,,울산광역시 울주군 서생면 대송리 51-13,
신리항,129,35,,,울산광역시 울주군 서생면 신암리 315-13,
송정항,129,35,,,울산광역시 울주군 서생면 대송리 339-8,
대송항,129,35,,,울산광역시 울주군 서생면 대송리 1-10,
강양항,129,35,,,울산광역시 울주군 온산읍 강양리 899-1,
백미항,126,37,,,경기도 화성시 서신면 서신면 백미길 210-34,
송교항,126,37,,,경기도 화성시 서신면 송교리 748-7 인근,
매향2항,126,37,,,경기도 화성시 우정읍 궁평항로 400,
국화항,126,37,,,경기도 화성시 우정읍 국화길 2,
입파항,126,37,,,경기도 화성시 우정읍 국화리 134,
고온항,126,37,,,경기도 화성시 우정면 매향리 945-21인근,
도리도항,126,37,,,경기도 화성시 서신면 백미리 779,
고양항,126,37,,,경기도 김포시 월곶면 고양리 211-17,
신안항,126,37,,,경기도 김포시 대곶면 송마리 1177-1,
선감항,126,37,,,경기도 안산시 단원구 개건너길 78,
구봉항,126,37,,,경기도 안산시 단원구 구봉길 240,
행낭곡항,126,37,,,경기도 안산시 단원구 고랫부리길 178,
안인진항,128,37,,,강원도 강릉시 강동면 안인진리 300-27,
정동항,129,37,,,강원도 강릉시 강동면 정동진리 50-12,
심곡항,129,37,,,강원도 강릉시 강동면 심곡리 157-1,
대진항,129,37,,,강원도 동해시 대진항길 46(대진동 204-6),
어달항,129,37,,,강원도 강릉시 일출로 230(어달동 190),
천곡항,129,37,,,강원도 강릉시 천곡동 10-3,
장사항,128,38,,,강원도 속초시 장사동 548-4,
설악항,128,38,,,강원도 속초시 대포동 178-74,
대진항,129,37,,,강원도 삼척시 근덕면 동막리 104-8,
갈남항,129,37,,,강원도 삼척시 원덕읍 갈남리 99-20,
노곡항,129,37,,,강원도 삼척시 원덕읍 노곡리 43-15,
후진항,128,38,,,강원도 삼척시 교동 347-1,
광진항,129,37,,,강원도 삼척시 교동 50-1,
용화항,129,37,,,강원도 삼척시 근덕면 용화리 8-4,
비화항,129,37,,,강원도 삼척시 원덕읍 노곡4리,
월천항,129,37,,,강원도 삼척시 원덕읍 월천리 산 102-4,
후진항,128,38,,,강원도 양양군 강현면 용호리 4-13,
낙산항,128,38,,,강원도 양양군 강현면 전진리 3-13,
오산항,128,38,,,강원도 양양군 손양면 오산리 1-4,
인구항,128,37,,,강원도 양양군 현남면 인구리 1-104,
초도항,128,38,,,강원도 고성군 현내면 초도항길92-1,
반암항,128,38,,,강원도 고성군 거진읍 반암리1-4,
개목항,126,36,,,충청남도 태안군 소원면 의항리276-2,
당암항,126,36,,,충청남도 태안군 남면 한바위길 54-5,
연포항,126,36,,,충청남도 태안군 근흥면 도황리 1525-221,
정산포항,126,36,,,충청남도 태안군 근흥면 정죽리 285-3,
청산항,126,36,,,충청남도 태안군 원북면 청산리 87-13,
황도항,126,36,,,충청남도 태안군 안면읍 황도리 8-37,
황포항,126,36,,,충청남도 태안군 안면읍 중신로 516,
황골항,126,36,,,충청남도 태안군 근흥면 도황리 산351,
의점포항,126,36,,,충청남도 태안군 고남면 고남리 1862-4,
가경주항,126,36,,,충청남도 태안군 고남면 고남리 474-2,
탄개포항,126,36,,,충청남도 태안군 고남면 고남리 190-20,
대야도항,126,36,,,충청남도 태안군 안면읍 중장리 1440-4,
죽도항,126,36,,,충청남도 보령시 남포면 월전리 843-61,
학성항,126,36,,,충청남도 보령시 천북면 학성리 617-7,
사호항,126,36,,,충청남도 보령시 천북면 사호리 573-3,
오봉산항,126,36,,,충청남도 보령시 오천면 원산도리 1671-2,
웅도항,126,36,,,충청남도 서산시 대산읍 웅도리 산45,
도성항,126,36,,,충청남도 서산시 지곡면 도성리 296-22,
호리항,126,36,,,충청남도 서산시 팔봉면 호리 산1,
우도항,126,36,,,충청남도 서산시 지곡면 중앙리 647-52,
고파도항,126,36,,,충청남도 서산시 팔봉면 고파도리 211-5,
중왕항,126,36,,,충청남도 서산시 지곡면 중왕리 196-14,
벌말항,126,36,,,충청남도 서산시 대산읍 오지리338-49,
왕산항,126,36,,,충청남도 서산시 지곡면 중왕리 580-6,
왜목항,126,37,,,충청남도 당진시 석문면 교로리 844-75,
도비도항,126,37,,,충청남도 당진시 석문면 난지도리 568,
용무치항,126,37,,,충청남도 당진시 석문면 용무치길 9-24,
마섬항,126,37,,,충청남도 당진시 석문면 장고항리1128,
송림항,126,36,,,충청남도 서천군 장항읍 송림리 704-4,
장포항,126,36,,,충청남도 서천군 비인면 장포리 138-30,
월포항,126,36,,,충청남도 서천군 마서면 월포리 470-6,
도청항,126,35,,,전라북도 부안군 변산면 도청리 577-7,
모항항,126,35,,,전라북도 부안군 변산면 도청리 9-9,
왕포항,126,35,,,전라북도 부안군 진서면 운호리 200-20,
대리항,126,35,,,전라북도 부안군 위도면 대리 281-29,
벌금항,126,35,,,전라북도 부안군 위도면 진리 334-1,
야미도항,126,35,,,전라북도 군산시 옥도면 야미도리 153,
죽도항,126,36,,,전라북도 군산시 옥도면 죽도리 20,
선유1구항,126,35,,,전라북도 군산시 옥도면 선유도리 393-2,
선유2구항,126,35,,,전라북도 군산시 옥도면 선유도리 480,
무녀도1구항,126,35,,,전라북도 군산시 옥도면 무녀도리 산 132,
장자도항,126,35,,,전라북도 군산시 옥도면 장자도1길 10,
관리도항,126,35,,,전라북도 군산시 옥도면 관리도리 84,
명도항,126,35,,,전라북도 군산시 옥도면 명도길 3,
두리도항,126,35,,,전라북도 군산시 옥도면 두리도리 48,
신시도항,126,35,,,전라북도 군산시 옥도면 신시도리 258,
신치항,126,35,,,전라북도 군산시 옥도면 신시도리 253,
신기항,127.74,34.6,127.7408,34.6025,전라남도 여수시 돌산읍 신복리 1111-14,
서외항,127,34,,,전라남도여수시돌산읍 군내리 1072-25,
임포항,127,34,,,전라남도 여수시 돌산읍 율림리 1-14,
작금항,127,34,,,전라남도 여수시 돌산읍 금성리 449-6,
금천항,127,34,,,전라남도 여수시 돌산읍 금봉리 1475-23,
항대항,127,34,,,전라남도 여수시 돌산읍 금봉리 1540-17,
모장항,127,34,,,전라남도 여수시 돌산읍 평사리 991-13,
평사항,127,34,,,전라남도 여수시 돌산읍 평사리 1145-19,
백아리1(부대)항,125.95,37.08,125.954,37.0863,인천 옹진군 덕적면 백아리,
호미곶항,,,129.560637,36.081591,경상북도 포항시 남구 호미곶면 구만길 292,
백아리2(학교)항,125.96,37.08,125.9601,37.0825,인천 옹진군 덕적면 백아리,
잠진항,126.41,37.41,126.4148,37.4165,인천 중구 덕교동,
넛출항,126.51,37.25,126.5126,37.2547,인천 옹진군,
수룡항,126.48,26.51,126.4827,36.5157,충남 홍성군 서부면 신리,
농바우끝항,,,,,전남 완도군 노화읍,
마삭도항,,,,,전남 완도군 노화읍 삭,
모곡항,129.51,35.82,129.5113,35.8269,경상북도 경주시 감포읍 오류리 187-10,
마안도항,,,,,전라남도 완도군 노화읍 내리,
후장구도항,,,,,전라남도 완도군 노화읍 내리,
어룡도항,,,,,전라남도 완도군 노화읍 어룡리,
오천항(전남),,,127.21324,34.434479,전라남도 고흥군 금산면 거금일주로 1605,신규
동암항,,,128.454911,34.86784,경상남도 통영시 용남면 동달리,국가어항 지정해제(2007)
개야도항,,,126.5575,36.033824,전라북도 군산시 옥도면 개야도길 7,
송도항,126.2,35.04,126.201882,35.044256,전라남도 신안군 지도읍 송도2길 66,
장목항,,,128.680648,34.990314,경상남도 거제시 장목면 장목7길 21-1,
진두항,,,126.50058,37.25454,인천광역시 옹진군 영흥면 영흥북로 34,
진산항,,,,,충청남도 태안군 남면 몽산리 469-1,
죽고지항,,,,,충청남도 태안군 고남면 누동리 1784,
장돌포항,,,,,충청남도 태안군 고남면 장고리 산18-1,
만수동항,,,,,충청남도 태안군 고남면 고남리 268-63,
장곰항,,,,,충청남도 태안군 고남면 누동리 1505-3,
곰섬항,,,,,충청남도 태안군 남면 신온리 900-1,
뒷장벌항,,,,,충청남도 태안군 소원면 파도길 63-12,
내리항,,,,,충청남도 태안군 이원면 원이로 2444-6,
당산항,,,,,충청남도 태안군 이원면 당산리 29-3,
추도항,,,,,충청남도 보령시 오천면 효자도리 559,
허육도항,,,,,충청남도 보령시 오천면 효자도리 19,
월도항,,,,,충청남도 보령시 오천면 효자도리 633-1,
육도항,,,,,충청남도 보령시 오천면 효자도리 485-1,
소도항,,,,,충청남도 보령시 오천면 효자도리 586-2,
저두항,,,,,충청남도 보령시 오천면 원산도리 50-7,
진고지항,,,,,충청남도 보령시 오천면 원산도리 340-2,
초전항,,,,,충청남도 보령시 오천면 원산도리 1732-1,
밤섬항,,,,,충청남도 보령시 오천면 삽시도리 41-5,
명덕항,,,,,충청남도 보령시 오천면 효자도리 2,
분점도항,,,,,충청남도 서산시 지곡면 중앙리 968,
죽도항,126.43,36.52,126.4394,36.5206,충청남도 홍성군 서부면 죽도리 58,
내파수도항,,,,,충청남도 태안군 안면읍 내파수도길1,
외도항,,,,,충청남도 태안군 안면읍 승언리 3266-2,
소난지도항,,,,,충청남도 당진시 석문면 난지도리 373,
죽막항,,,,,전라북도 부안군 변산면 격포리,
작당항,,,,,전라북도 부안군 진서면 운호리,
죽도항,,,,,전라북도 고창군 부안면 봉암리,
진리항,,,,,전라북도 부안군 위도면 진리,
치도항,,,,,전라북도 부안군 위도면 치도리,
하왕등도항,,,,,전라북도 부안군 위도면 하왕등도리,
전막항,,,,,전라북도 부안군 위도면 대리,
정금항,,,,,전라북도 부안군 위도면 정금리,
거륜항,,,,,전라북도 부안군 위도면 거륜도리,
삽진항,,,,,전라남도 목포시 연산동,
신월4통항,,,,,전라남도 여수시 신월동,
안산항,,,,,전라남도 여수시 안산동,
소호항,,,,,전라남도 여수시 소호동,
소제항,,,,,전라남도 여수시 소호동,
송소항,,,,,전라남도 여수시 소호동,
반월항,,,,,전라남도 여수시 율촌면 반월리,
달천항,,,,,전라남도 여수시 소라면 복산리,
궁항항,,,,,전라남도 여수시 소라면 사곡리,
하복항,,,,,전라남도 여수시 소라면 사곡리,
광암항,,,,,전라남도 여수시 율촌면 봉전리,
소뎅이항,,,,,전라남도 여수시 율촌면 봉전리,
두랭이항,,,,,전라남도 여수시 율촌면 상봉리,
수문등항,,,,,전라남도 여수시 소라면 현천리,
오천항,,,,,전라남도 여수시 화양면 이천리,
이천항,,,,,전라남도 여수시 화양면 이천리,
중촌항,,,,,전라남도 여수시 화양면 이천리,
인기미항,,,,,전라남도 여수시 화양면 이천리,
마상항,,,,,전라남도 여수시 화정면 옥적리,
기밀개항,,,,,전라남도 여수시 화정면 옥적리,
대서이항,,,,,전라남도 여수시 화양면 이목리,
소서이항,,,,,전라남도 여수시 화양면 이목리,
서연항,,,,,전라남도 여수시 화양면 이목리,
벌가항,,,,,전라남도 여수시 화양면 이목리,
공정뒷항,,,,,전라남도 여수시 화양면 장수리,
공정앞항,,,,,전라남도 여수시 화양면 장수리,
자매항,,,,,전라남도 여수시 화양면 장수리,
수문등항,,,,,전라남도 여수시 화양면 장수리,
장척항,,,,,전라남도 여수시 화양면 장수리,
장등항,,,,,전라남도 여수시 화양면 장수리,
구심이항,,,,,전라남도 여수시 화양면 안포리,
힛도항,,,,,전라남도 여수시 화양면 안포리,
삼섬항,,,,,전라남도 여수시 화양면 안포리,
석개항,,,,,전라남도 여수시 화양면 안포리,
원포항,,,,,전라남도 여수시 화양면 안포리,
안정항,,,,,전라남도 여수시 화양면 안포리,
굴구지항,,,,,전라남도 여수시 화양면 나진리,
발통금항,,,,,전라남도 여수시 화양면 나진리,
송학항,,,,,충청남도 보령시 주교면 송학리 994-2,
고정항,,,,,충청남도 보령시 주교면 고정리 367-1,
난장이항,,,,,전라남도 여수시 화양면 나진리,
참새끼미항,,,,,전라남도 여수시 화양면 나진리,
정당항,,,,,충청남도 태안군 안면읍 정당리 1511,
미개항,,,,,충청남도 태안군 안면읍 창기리 416-65,
세포항,,,,,전라남도 여수시 화양면 안포리,
예교항,,,,,전라남도 여수시 돌산읍 신복리,
양지항,,,,,전라남도 여수시 돌산읍 율림리,
음지항,,,,,전라남도 여수시 돌산읍 율림리,
하리항,129.081022,35.070208,129.081022,35.070208,부산광역시 영도구 동삼동 1182,하리항
오이도항,126.685065,37.346082,126.685065,37.346082,경기도 시흥시 정왕동 2063,오이도항
원평항,125.908331,34.780697,125.908331,34.780697,전라남도 신안군 비금면 신원리,원평항
오천항,127,34,,,전라남도 고흥군 금산면 오천리 133-1,
홍티항,128.95,35.06,128.9567,35.0617,부산 사하구 다대동,
웅천항,,,,,전남 여수시 운천동,
대포항(경남),128,34,128.040039,34.98978,경상남도 사천시 대포길 255,
곡용포항,128.55,34.75,128.5535,34.7535,경상남도 통영시 한산면 추봉로 554,
눌차항,128,35,,,부산광역시 강서구 가덕해안로2번길 292,
두룽개항,127,34,,,전라남도 여수시 돌산읍 평사리 283-8,
월전포항,127,34,,,전라남도 여수시 돌산읍 우두리 59-8,
상동항,127,34,,,전라남도 여수시 돌산읍 우두리 산72-4,
진목항,127,34,,,전라남도 여수시 돌산읍 우두리 산226-1,
굴전항,127,34,,,전라남도 여수시 돌산읍 평사리 산250-1,
독정항,127,34,,,전라남도 여수시 남면 화태리 444-73,
송고항,127,34,,,전라남도 여수시 남면 유송리 653-9,
대유항,127,34,,,전라남도 여수시 남면 유송리 213-5,
장지항,127,34,,,전라남도 여수시 남면 심장리 143-4,
안도항,127,34,,,전라남도 여수시 남면 안도리 936-4,
심포항,127,34,,,전라남도 여수시 남면 심장리 754-2,
역포항,127,34,,,전라남도 여수시 남면 연도리 905-5,
대두라항,127,34,,,전라남도 여수시 남면 두라리 307,
월호항,127,34,,,전라남도 여수시 화정면 월호리 209-9,
화산항,127,34,,,전라남도 여수시 화정면 개도리 1864-8,
여석항,127,34,,,전라남도 여수시 화정면 개도리 1444-7,
제도항,127,34,,,전라남도 여수시 화정면 제도리 276-8,
적금항,127,34,,,전라남도 여수시 화정면 적금리 294-7,
대동항,127,34,,,전라남도 여수시 화정면 여자리 742-7,
송여자항,127,34,,,전라남도 여수시 화정면 여자리 197-8,
모전항,127,34,,,전라남도 여수시 화정면 개도리 1477-1,
백야항,127,34,,,전라남도 여수시 화정면 백야리 41-3,
유촌항,127,34,,,전라남도 여수시 삼산면 동도리 961-4,
죽촌항,127,34,,,전라남도 여수시 삼산면 동도리 1578-5,
진막항,127,34,,,전라남도 여수시 삼산면 초도리 산108,
외동항,127,34,,,전라남도 여수시 경호동 500-25,
내동항,127,34,,,전라남도 여수시 경호동 717-1,
오복항,127,34,,,전라남도 여수시 경호동 8-11,
소경도항,127,34,,,전라남도 여수시 경호동 859-3,
섬달천항,127,34,,,전라남도 여수시 소라면 복산리 2086-9,
진목항,127,34,,,전라남도 여수시 소라면 사곡리 1106-5,
봉전항,127,34,,,전라남도 여수시 율촌면 봉전리 179-1,
감도항,127,34,,,전라남도 여수시 화양면 이천리 630-6,
이목항,127,34,,,전라남도 여수시 화양면 이목리 1415-6,
가정항,127,34,,,전라남도 여수시 화양면 이목리 552-7,
호두항,127,34,,,전라남도 여수시 화양면 용주리 457-6,
고내항,127,34,,,전라남도 여수시 화양면 용주리 595-7,
집앞개항,127,34,,,전라남도 여수시 화양면 안포리 189-9,
오천항,127,34,,,전라남도 여수시 오천동 128-2,
만흥항,127,34,,,전라남도 여수시 만흥동 111-7,
소치항,127,34,,,전라남도 여수시 신덕동 604-2,
신덕항,127,34,,,전라남도 여수시 신덕동 666,
송도동편항,127,34,,,전라남도 여수시 돌산읍 군내리 1421-8,
용두항,127,34,,,전라남도 순천시 별량면 구룡리 6-8,
거차항,127,34,,,전라남도 순천시 별량면 마산리 498-5,
와온항,127,34,,,전라남도 순천시 해룡면 상내리 614-5,
대대항,127,34,,,전라남도 순천시 대대동 184-23,
장양항,127,34,,,전라남도 보성군 벌교읍 장양리 114-5,
대포항,127,34,,,전라남도 보성군 벌교읍 대포리 234-6,
예당항,127,34,,,전라남도 보성군 득량면 예당리 2859,
해평항,127,34,,,전라남도 보성군 득량면 해평리 36-12,
청암항,127,34,,,전라남도 보성군 득량면 비봉리 551-11,
선소항,127,34,,,전라남도 보성군 득량면 비봉리 595-7,
객산항,127,34,,,전라남도 보성군 회천면 객산리 220-35,
서당항,127,34,,,전라남도 보성군 회천면 서당리 35-2,
군농항,127,34,,,전라남도 보성군 회천면 군농리 793-5,
동율항,127,34,,,전라남도 보성군 회천면 동율리 503-31,
군학항 ,127,34,,,전라남도 보성군 회천면 전일리 697-5,
함평항,126,35,,,전라남도 함평군 손불면 학산리 1013-63,
마동항,126,34,,,전라남도 무안군 삼향면 왕산리 1107-8,
복길항,126,34,,,전라남도 무안군 청계면 복길리 470-5,
구로항,126,34,,,전라남도 무안군 청계면 구로리 715-20,
장재항,126,35,,,전라남도 무안군 망운면 목서리 839-54,
송현항,126,35,,,전라남도 무안군 망운면 송현리 1070-9,
신월항,126,34,,,전라남도 무안군 운남면 내리 1004-5,
남촌항,126,34,,,전라남도 무안군 운남면 성내리 1046-7,
월두항,126,35,,,전라남도 무안군 현경면 용정리 산5,
닭머리항,126,35,,,전라남도 무안군 해제면 대사리 380-1,
내장항,126,34,,,전라남도 해남군 송지면 어란리 77-3,
한자산소항,126,34,,,전라남도 해남군 황산면 한자리 716-12,
대신항,126,35,,,전라남도 영광군 백수읍 대신리 914,
향화도항,126,35,126.35978,35.168614,전라남도 영광군 염산면 옥실리 1106-34,
장흥노력항,126.96,34.44,126.9653,34.4456,전라남도 장흥군 회진면 덕산리 2107-25,
일정항,126,34,,,전라남도 완도군 금일읍 장정리 703-16,
동천항,126,34,,,전라남도 완도군 노화읍 동천리 1163-2,
국화항,126,34,,,전라남도 완도군 청산면 국산리 929-12,
내동항,126,34,,,전라남도 완도군 신지면 월양리 1232-7,
당인항,126.65,34.32,126.6556,34.3292,전라남도 완도군 군외면 당인리 182-18,
용출항,126,34,,,전라남도 완도군 생일면 봉선리 384-13,
청별항,126,34,,,전라남도 완도군 보길면 부황리 22-2,
충무항,126,34,,,전라남도 완도군 고금면 덕동리 697,
청룡항,126,34,,,전라남도 진도군 진도읍 수유리 1072-6,
금갑항,126,34,,,전라남도 진도군 의신면 금갑리 383-2,
동헌항,126,34,,,전라남도 진도군 임회면 죽림리 436-16,
보전항,126,34,,,전라남도 진도군 지산면 보전리 1151-8,
하저항,129,36,,,경상북도 영덕군 강구면 하저리 776,
사진2항,129,36,,,경상북도 영덕군 영해면 사진리 621-4,
대진3항,129,36,,,경상북도 영덕군 영해면 대진리 471-4,
대진1항,129,36,,,경상북도 영덕군 영해면 대진리 473,
대부항,129,36,,,경상북도 영덕군 영덕읍 대부리 303-7,
경정2항,129,36,,,경상북도 영덕군 축산면 경정리 101-6,
석호항,129,37,,,경상북도 울진군 북면 나곡리 50-22,
죽진항,129,37,,,경상북도 울진군 울진읍 연지리 8-13,
동정항,129,36,,,경상북도 울진군 근남면 진복리 205-10,
금음항,129,36,,,경상북도 울진군 후포면 금음리 226-4,
울진항,129,36,,,경상북도 울진군 울진읍 연지리 80-10,
죽곡항,128,35,,,경상남도 창원시 진해구 웅천동 554-4,
명동항,128,35,,,경상남도 창원시 진해구 웅천동 621-8,
삼포항,128,35,,,경상남도 창원시 진해구 웅천동 78-6,
행암항,128,35,,,경상남도 창원시 진해구 풍호동 121-44,
잠도항,128,35,,,경상남도 창원시 진해구 태평동 산96-1,
우도항,128,35,,,경상남도 창원시 진해구 웅천동 627-1,
중화항,128,34,,,경상남도 통영시 산양읍 연화리 880-2,
궁항항,128,34,,,경상남도 통영시 궁항길 46-8,
모상항,128,34,,,경상남도 통영시 산양읍 풍화리 753-4,
수월항,128,34,,,경상남도 통영시 풍화일주로 541-13 ,
고다골항,128,34,,,경상남도 통영시 풍화일주로 772 ,
양화항,128,34,,,경상남도 통영시 산양읍 풍화리 220-5,
대항항,128,34,,,경상남도 통영시 추도일주로 6-1,
미조항,128,34,,,경상남도 통영시 산양읍 추도리 514-4,
오촌항,128,34,,,경상남도 통영시 용남면 동달리 33-3,
연기항,128,34,,,경상남도 통영시 용남면 장평리 996-1,
적촌항,128,34,,,경상남도 통영시 원평길 302 ,
내포항,128,34,,,경상남도 통영시 원평길 479 ,
대방포항,128,34,,,경상남도 통영시 대방길 63-39 ,
삼화항,128,34,,,경상남도 통영시 삼화양촌길 99 ,
신리항,128,34,,,경상남도 통영시 용남면 장문리 117-1,
대안항,128,34,,,경상남도 통영시 용남면 장문리 525,
기호항,128,34,,,경상남도 통영시 용남면 장문리 1055-3,
어의항,128,34,,,경상남도 통영시 용남면 어의리 산117-7,
수도항,128,34,,,경상남도 통영시 수도길 98 ,
동부항,128,34,,,경상남도 통영시 용남면 지도리 374-4,
거망항,128,34,,,경상남도 통영시 용남면 지도리 25-6,
서부항,128,34,,,경상남도 통영시 서부길 54-23 ,
내촌항,128,34,,,경상남도 통영시 광도면 황리 365-6,
구집항,128,34,,,경상남도 통영시 덕포로 408 ,
창포항,128,34,,,경상남도 통영시 덕포로 290-63 ,
손덕항,128,34,,,경상남도 통영시 덕포로 258,
조암항,128,34,,,경상남도 통영시 광도면 죽림리 1564,
상리항,128,34,,,경상남도 통영시 상리길 38,
용초항,128,34,,,경상남도 통영시 한산면 용호리 969-1,
봉암항,128,34,,,경상남도 통영시 한산면 추봉리 911-4,
소고포항,128,34,,,경상남도 통영시 한산면 세작목길40 ,
여차항,128,34,,,경상남도 통영시 한산면 하소리 460-12,
관암항,128,34,,,경상남도 통영시 한산면 하소리 626-6,
동좌항,128,34,,,경상남도 통영시 한산면 창좌리 1-3,
서좌항,128,34,,,경상남도 통영시 한산면 창좌리 340-5,
대항항,128,34,,,경상남도 통영시 사량면 금평리 산66-8,
옥동항,128,34,,,경상남도 통영시 사량면 금평리 833-3,
내지항,128,34,,,경상남도 통영시 사량면 돈지리 237,
답포항,128,34,,,경상남도 통영시 사량면 돈지리 75-2,
수우항,128,34,,,경상남도 통영시 사량면 돈지리 산273,
먹방항,128,34,,,경상남도 통영시 사량면 읍덕리 57-2,
읍포항,128,34,,,경상남도 통영시 사량면 읍덕리 368-8,
덕동항,128,34,,,경상남도 통영시 사량면 읍덕리 202-11,
외지항,128,34,,,경상남도 통영시 사량면 양지리 678-3,
민양항,128,34,,,경상남도 통영시 인평동 932-2,
소포항,128,34,,,경상남도 통영시 명정동 106,
당동항,128,34,,,경상남도 통영시 도천동 51-1,
미수항,128,34,,,경상남도 통영시 미수동 943-1,
실안항,128,34,,,경상남도 사천시 실안동 875-21,
산분령항,128,34,,,경상남도 사천시 실안동 1096-36,
광포항,128,34,,,경상남도 사천시 송포동 1526-15,
송포항,128,34,,,경상남도 사천시 송포동 1510-5,
미룡항,128,34,,,경상남도 사천시 노룡동 975-3,
금문항,128,35,,,경상남도 사천시 용현면 금문리 379-11,
선진항,128,35,,,경상남도 사천시 용현면 선진리 984-6,
종포항,128,35,,,경상남도 사천시 용현면 신촌리 555-6,
주문항,128,35,,,경상남도 사천시 용현면 주문리 928-2,
점복개항,128,35,,,경상남도 사천시 곤양면 중항리 112-5,
검정항,128,35,,,경상남도 사천시 곤양면 중항리 1055-1,
안도항,128,35,,,경상남도 사천시 곤양면 중항리 214-7,
내구항,127,35,,,경상남도 사천시 서포면 다평리 562-2,
갯섬항,127,34,,,경상남도 사천시 서포면 다평리 1286-4,
다맥항,127,34,,,경상남도 사천시 서포면 다평리 1038-4,
신소항,127,34,,,경상남도 사천시 서포면 다평리 1449-5,
신선항,127,34,,,경상남도 사천시 서포면 다평리 1445-4,
선전항,127,34,,,경상남도 사천시 서포면 선전리 897-9,
중방항,128,34,,,경상남도 사천시 서포면 자혜리 972-91,
중촌항,128,34,,,경상남도 사천시 서포면 자혜리 908-24,
구포항,128,34,,,경상남도 사천시 서포면 자혜리 904-7,
구우진항,128,35,,,경상남도 사천시 서포면 자혜리 20-11,
장천항,128,35,,,경상남도 사천시 서포면 구랑리 894-8,
구랑항,128,35,,,경상남도 사천시 서포면 구랑리 1-23,
환포항,128,35,,,경상남도 사천시 서포면 조도리 30-3,
조도항,128,35,,,경상남도 사천시 서포면 조도리 383-1,
검도항,127,34,,,경상남도 사천시 서포면 선전리 32-147,
송도항,127,34,,,경상남도 사천시 서포면 비토리 산9-1,
하봉항,127,34,,,경상남도 사천시 서포면 비토리 5-209,
비토항,127,34,,,경상남도 사천시 서포면 비토리 245-3,
상촌항,127,34,,,경상남도 사천시 서포면 비토리 206-23,
중봉항,127,34,,,경상남도 사천시 서포면 비토리 9-21,
초양항,128,34,,,경상남도 사천시 늑도동 502-2,
하부포항,128,34,,,경상남도 사천시 늑도동 195-7,
마도항,128,34,,,경상남도 사천시 마도동 79-10,
저도항,128,34,,,경상남도 사천시 마도동 151-3,
대구항,128,34,,,경상남도 사천시 신수동 699-2,
신도항,128,34,,,경상남도 사천시 늑도동 557-2,
월등도항,127,34,,,경상남도 사천시 서포면 비토리 3-10,
진도항,127,34,,,경상남도 사천시 서포면 비토리 17-37,
내간항,128,34,,,경상남도 거제시 거제면 내간리 981-3,
고당항,128,34,,,경상남도 거제시 거제면 법동리 603-3,
법동항,128,34,,,경상남도 거제시 거제면 법동리 507-7,
산전항,128,34,,,경상남도 거제시 거제면 법동리 286-31,
산후항,128,34,,,경상남도 거제시 거제면 법동리 9-43,
실리항,128,34,,,경상남도 거제시 거제면 법동리 84-11,
소랑항,128,34,,,경상남도 거제시 거제면 소랑리 25-3,
오수항,128,34,,,경상남도 거제시 거제면 오수리 836-4,
명사항,128,34,,,경상남도 거제시 남부면 저구리 248-15,
갈곶항,128,34,,,경상남도 거제시 남부면 갈곶리 84-4,
여차항,128,34,,,경상남도 거제시 남부면 다포리 52-5,
저구항,128,34,,,경상남도 거제시 남부면 저구리 216-12,
탑포항,128,34,,,경상남도 거제시 남부면 탑포리 391-9,
쪽박항,128,34,,,경상남도 거제시 동부면 가배리 873-11,
함박항,128,34,,,경상남도 거제시 동부면 가배리 818-4,
양지말항,128,34,,,경상남도 거제시 동부면 오송리 430-6,
영북항,128,34,,,경상남도 거제시 동부면 오송리 438-4,
영월항,128,34,,,경상남도 거제시 동부면 오송리 818-5,
오송항,128,34,,,경상남도 거제시 동부면 오송리 284-35,
수산항,128,34,,,경상남도 거제시 동부면 학동리 150-2,
학동항,128,34,,,경상남도 거제시 동부면 학동리 303-1,
녹산항,128,34,,,경상남도 거제시 둔덕면 술역리 108-56,
내평항,128,34,,,경상남도 거제시 둔덕면 술역리 750-12,
술역항,128,34,,,경상남도 거제시 둔덕면 술역리 789-8,
호곡항,128,34,,,경상남도 거제시 둔덕면 술역리 389-3,
면포항,128,34,,,경상남도 거제시 둔덕면 술역리 807-12,
미포항,128,34,,,경상남도 거제시 둔덕면 술역리 864-3,
발포항,128,34,,,경상남도 거제시 둔덕면 술역리 952-16,
송포항,128,34,,,경상남도 거제시 둔덕면 술역리 803-27,
염막포항,128,34,,,경상남도 거제시 둔덕면 술역리 943-3,
왜선포항,128,34,,,경상남도 거제시 둔덕면 술역리 880-16,
어구항,128,34,,,경상남도 거제시 둔덕면 어구리 142-10,
아사항,128,34,,,경상남도 거제시 둔덕면 학산리 521-16,
학산항,128,34,,,경상남도 거제시 둔덕면 학산리 107-6,
견내량항,128,34,,,경상남도 거제시 사등면 덕호리 87-27,
광리항,128,34,,,경상남도 거제시 사등면 덕호리 288-94,
고개도항,128,34,,,경상남도 거제시 사등면 오량리 1325-1,
사곡항,128,34,,,경상남도 거제시 사등면 사곡리 62-12,
금포항,128,34,,,경상남도 거제시 사등면 사등리 1996-6,
성내항,128,34,,,경상남도 거제시 사등면 사등리 478-17,
항도항,128,34,,,경상남도 거제시 사등면 성포리 16-19,
후포항,128,34,,,경상남도 거제시 사등면 오량리 619-15,
지석항,128,34,,,경상남도 거제시 사등면 지석리 903-11,
계도항,128,34,,,경상남도 거제시 사등면 창호리 1070-18,
군령포항,128,34,,,경상남도 거제시 사등면 창호리 1080-7,
신교항,128,34,,,경상남도 거제시 사등면 창호리 78-1,
신전항,128,34,,,경상남도 거제시 사등면 창호리 2657-10,
실전항,128,34,,,경상남도 거제시 사등면 창호리 108-14,
진두항,128,34,,,경상남도 거제시 사등면 창호리 2057-3,
창외항,128,34,,,경상남도 거제시 사등면 창호리 1984-7,
창촌항,128,34,,,경상남도 거제시 사등면 창호리 1363-3,
청곡항,128,34,,,경상남도 거제시 사등면 청곡리 495-8,
청포항,128,34,,,경상남도 거제시 사등면 청곡리 619-16,
덕포항,128,34,,,경상남도 거제시 덕포동 81-6,
망치항,128,34,,,경상남도 거제시 일운면 망치리 434-11,
양화항,128,34,,,경상남도 거제시 일운면 망치리 744-14,
옥림항,128,34,,,경상남도 거제시 일운면 옥림리 587-3,
예구항,128,34,,,경상남도 거제시 일운면 와현리 630-12,
와현항,128,34,,,경상남도 거제시 일운면 와현리 619-9,
내도항,128,34,,,경상남도 거제시 일운면 와현리 15-1,
지심도항,128,34,,,경상남도 거제시 일운면 옥림리 56-5,
두모항,128,34,,,경상남도 거제시 장목면 관포리 109-2,
구영항,128,35,,,경상남도 거제시 장목면 구영리 329-11,
대금항,128,34,,,경상남도 거제시 장목면 대금리 328-10,
궁농항,128,35,,,경상남도 거제시 장목면 송진포리 121-11,
송진포항,128,35,,,경상남도 거제시 장목면 송진포리 678-5,
흥남항,128,34,,,경상남도 거제시 장목면 시방리 280-13,
대계항,128,34,,,경상남도 거제시 장목면 외포리 1228-5,
소계항,128,34,,,경상남도 거제시 장목면 외포리 1218-5,
곡촌항,128,34,,,경상남도 거제시 하청면 연구리 805-8,
대곡항,128,35,,,경상남도 거제시 하청면 대곡리 318-9,
황덕항,128,35,,,경상남도 거제시 하청면 대곡리 810-1,
덕곡항,128,34,,,경상남도 거제시 하청면 덕곡리 594-47,
석포항,128,34,,,경상남도 거제시 하청면 석포리 358-8,
어온항,128,34,,,경상남도 거제시 하청면 어온리 359-5,
장곶항,128,34,,,경상남도 거제시 하청면 어온리 620-5,
금곡항,128,34,,,경상남도 거제시 하청면 연구리 429-4,
연구항,128,35,,,경상남도 거제시 하청면 연구리 552-7,
옥계항,128,34,,,경상남도 거제시 하청면 연구리 414-13,
유계항,128,34,,,경상남도 거제시 하청면 유계리 1054-7,
거운항,128,34,,,경상남도 고성군 고성읍 월평리 1054-5,
곡용항,128,34,,,경상남도 고성군 고성읍 신월리 524-4,
구선창항,128,34,,,경상남도 고성군 고성읍 신월리 540-5,
신부항,128,34,,,경상남도 고성군 고성읍 신월리 657-4,
마리개항,128,34,,,경상남도 고성군 삼산면 판곡리 46-4,
병산항,128,34,,,경상남도 고성군 삼산면 판곡리 275-5,
장지항,128,34,,,경상남도 고성군 삼산면 두포리 188-5,
군령포항,128,34,,,경상남도 고성군 삼산면 두포리 26-3,
두모항,128,34,,,경상남도 고성군 삼산면 두포리 833-2,
모래치항,128,34,,,경상남도 고성군 삼산면 두포리 945-8,
매화항,128,34,,,경상남도 고성군 삼산면 두포리 1313-1,
던재항,128,34,,,경상남도 고성군 삼산면 미룡리 1128-6,
대포항,128,34,,,경상남도 고성군 삼산면 미룡리 1128-7,
배암목항,128,34,,,경상남도 고성군 삼산면 미룡리 1251-3,
용호항,128,34,,,경상남도 고성군 삼산면 미룡리 989-14,
솔섬항,128,34,,,경상남도 고성군 삼산면 삼봉리 511-36,
장백항,128,34,,,경상남도 고성군 삼산면 장치리 605-5,
하중촌항,128,34,,,경상남도 고성군 하일면 용태리 335-3,
가룡항,128,34,,,경상남도 고성군 하일면 용태리 700-3,
임포항,128,34,,,경상남도 고성군 하일면 학림리 1519,
지포항,128,34,,,경상남도 고성군 하일면 송천리 146-12,
평촌항,128,34,,,경상남도 고성군 하일면 송천리 634-8,
대구막항,128,34,,,경상남도 고성군 하일면 동화리 9-2,
동문항,128,34,,,경상남도 고성군 하일면 동화리 399-8,
발막개항,128,34,,,경상남도 고성군 하일면 춘암리 232-2,
용암포항,128,34,,,경상남도 고성군 하일면 춘암리 906-2,
입암항,128,34,,,경상남도 고성군 하이면 월흥리 842-4,
제전항,128,34,,,경상남도 고성군 하이면 덕명리 23-15,
덕명항,128,34,,,경상남도 고성군 하이면 덕명리 313-9,
봉화골항,128,34,,,경상남도 고성군 하이면 덕명리 736-2,
동촌항,128,35,,,경상남도 고성군 회화면 봉동리 159-3,
어신항,128,35,,,경상남도 고성군 회화면 어신리 236-9,
전포항,128,35,,,경상남도 고성군 마암면 보전리 53,
북촌항,128,35,,,경상남도 고성군 동해면 내곡리 1688-6,
용흥항,128,35,,,경상남도 고성군 동해면 장기리 986-1,
장기항,128,35,,,경상남도 고성군 동해면 장기리 291-13,
검포항,128,35,,,경상남도 고성군 동해면 양촌리 1173-2,
대천항,128,35,,,경상남도 고성군 동해면 외산리 691-15,
돈막항,128,35,,,경상남도 고성군 동해면 외산리 920-6,
좌부천항,128,35,,,경상남도 고성군 동해면 외산리 142-3,
대막포항,128,35,,,경상남도 고성군 동해면 내산리 8-2,
내신항,128,35,,,경상남도 고성군 동해면 내산리 155-7,
전도항,128,35,,,경상남도 고성군 동해면 내산리 196-11,
덕곡항,128,35,,,경상남도 고성군 동해면 양촌리 375-1,
동해항,128,35,,,경상남도 고성군 동해면 양촌리 149-5,
세포항,128,35,,,경상남도 고성군 동해면 용정리 176-4,
대가룡항,128,35,,,경상남도 고성군 동해면 용정리 630-12,
망일포항,128,35,,,경상남도 고성군 동해면 용정리 82-6,
소가룡항,128,35,,,경상남도 고성군 동해면 용정리 701-4,
우두포항,128,35,,,경상남도 고성군 동해면 장좌리 40-6,
하장항,128,35,,,경상남도 고성군 동해면 장좌리 547-3,
소구학포항,128,34,,,경상남도 고성군 동해면 장좌리 117-3,
큰구학포항,128,34,,,경상남도 고성군 동해면 봉암리 37-5,
장항항,128,34,,,경상남도 고성군 동해면 봉암리 139-8,
입암항,128,35,,,경상남도 고성군 동해면 봉암리 414-11,
봉곡항,128,34,,,경상남도 고성군 거류면 당동리 104-9,
화당항,128,34,,,경상남도 고성군 거류면 화당리 365-6,
오장동항,128,34,,,경상남도 고성군 거류면 화당리 30-4,
신흥항,127,34,,,경상남도 남해군 창선면 지족리 844-10,
사포항,127,34,,,경상남도 남해군 창선면 광천리 548-7,
구도항,128,34,,,경상남도 남해군 창선면 부윤리 72-3,
소벽항,128,34,,,경상남도 남해군 창선면 율도리 367-5,
화계항,127,34,,,경상남도 남해군 이동면 화계리 268-5,
설리항,128,34,,,경상남도 남해군 미조면 송정리 961-7,
염해항,127,34,,,경상남도 남해군 서면 남상리 1791-1,
전도항,128,34,,,경상남도 남해군 삼동면 금송리 659-3,
노루목항,128,34,,,경상남도 남해군 삼동면 동천리 354-5,
평산항,127,34,,,경상남도 남해군 남면 평산리 1835-18,
동대항,128,34,,,경상남도 남해군 창선면 동대리 174-7,
지족항,128,34,,,경상남도 남해군 창선면 지족리 142-10,
화전항,127,34,,,경상남도 남해군 고현면 갈화리 1575-2,
월곡항,127,34,,,경상남도 남해군 설천면 덕신리 1704-4,
감암항,127,34,,,경상남도 남해군 설천면 노량리 580-6,
문항항,127,34,,,경상남도 남해군 설천면 문항리 224-6,
유구항,127,34,,,경상남도 남해군 남면 평산리 2163-2,
곤유항,128,34,,,경상남도 남해군 창선면 동대리 174-7,
용소항,127,34,,,경상남도 남해군 이동면 용소리 389-8,
초전항,128,34,,,경상남도 남해군 미조면 송정리 556-3,
지족2항,128,34,,,경상남도 남해군 삼동면 지족리 351-3,
금포항,128,34,,,경상남도 남해군 상주면 상주리 128-5,
금전항,127,34,,,경상남도 남해군 상주면 상주리 1380-5,
벽련항,127,34,,,경상남도 남해군 상주면 양아리 1807-1,
두모항,127,34,,,경상남도 남해군 상주면 양아리 274,
차면항,127,34,,,경상남도 남해군 고현면 차면리 805-11,
동흥항,127,34,,,경상남도 남해군 설천면 문의리 18-5,
봉우항,127,34,,,경상남도 남해군 설천면 금음리 1-29,
노량항,127,34,,,경상남도 남해군 설천면 노량리 350-1,
옥동항,127,34,,,경상남도 남해군 설천면 금음리 74-3,
노구항,127,34,,,경상남도 남해군 서면 노구리 395-6,
남상항,127,34,,,경상남도 남해군 서면 남상리 1396-21,
상주항,127,34,,,경상남도 남해군 상주면 상주리 543-25,
답하항,128,34,,,경상남도 남해군 미조면 미조리 1029-10,
선구항,127,34,,,경상남도 남해군 남면 선구리 1337,
홍현항,127,34,,,경상남도 남해군 남면 홍현리 189-4,
사촌항,127,34,,,경상남도 남해군 남면 임포리 1173,
구미항,127,34,,,경상남도 남해군 남면 덕월리 353-6,
장항항,127,34,,,경상남도 남해군 서면 서상리 1163-1,
율도항,127,34,,,경상남도 남해군 창선면 율도리 53-6,
단항항,128,34,,,경상남도 남해군 창선면 대벽리 558-8,
정포항,127,34,,,경상남도 남해군 서면 정포리 1060,
천포항,128,34,,,경상남도 남해군 창선면 가인리 10-7,
노구항,128,34,,,경상남도 남해군 미조면 송정리 124-9,
양화금항,128,34,,,경상남도 남해군 삼동면 동천리 306-4,
광두항,127,34,,,경상남도 남해군 이동면 초음리 2-7,
금평항,127,34,,,경상남도 남해군 이동면 신전리 998-19,
금송항,128,34,,,경상남도 남해군 삼동면 금송리 706-2,
월포항,127,34,,,경상남도 남해군 남면 석교리 386,
