공간정보일련번호,어항명,항구지번주소,사진자료안내정보,원천자료명,지방어항조사년도,조사기관명,공간정보
1,가진항,강원도 고성군 죽왕면 가진리,소형선용항만/지방어항/,소형선항만안내도,2017,국립해양조사원,POINT (128.5115305555557 38.366838888889035)
2,오호항,강원도 고성군 죽왕면 오호리,소형선용항만/지방어항/,소형선항만안내도,2017,국립해양조사원,POINT (128.52967777777795 38.32555555555568)
3,문암1리항,강원도 고성군 죽왕면 문암1리,소형선용항만/지방어항/,소형선항만안내도,2017,국립해양조사원,POINT (128.5498111111113 38.30183333333346)
4,문암2리항,강원도 고성군 죽왕면 문암2리,소형선용항만/지방어항/,소형선항만안내도,2017,국립해양조사원,POINT (128.55025833333352 38.29536388888901)
5,교암항,강원도 고성군 토성면 교암리,소형선용항만/지방어항/,소형선항만안내도,2017,국립해양조사원,POINT (128.54863888888906 38.289736111111225)
6,천진항,강원도 고성군 토성면 천진리,소형선용항만/지방어항/,소형선항만안내도,2017,국립해양조사원,POINT (128.5610500000002 38.25898333333343)
7,봉포항,강원도 고성군 토성면 봉포리,소형선용항만/지방어항/,소형선항만안내도,2017,국립해양조사원,POINT (128.5688888888891 38.25043611111121)
8,물치항,강원도 양양군 강현면 물치리,소형선용항만/지방어항/,소형선항만안내도,2017,국립해양조사원,POINT (128.6103694444447 38.15450277777784)
9,동산항,강원도 양양군 현남면 동산리,소형선용항만/지방어항/,소형선항만안내도,2017,국립해양조사원,POINT (128.76301111111155 37.979086111111094)
10,소돌항,강원도 강릉시 주문진읍 주문리,소형선용항만/지방어항/,소형선항만안내도,2017,국립해양조사원,POINT (128.83038055555616 37.90417777777774)
11,영진항,강원도 강릉시 연곡면 영진리,소형선용항만/지방어항/,소형선항만안내도,2017,국립해양조사원,POINT (128.84956666666733 37.86584722222216)
12,초곡항,강원도 삼척시 근덕면 초곡리,소형선용항만/지방어항/,소형선항만안내도,2017,국립해양조사원,POINT (129.31599166666976 37.28814166666634)
13,신남항,강원도 삼척시 원덕읍 갈남리,소형선용항만/지방어항/,소형선항만안내도,2017,국립해양조사원,POINT (129.32799444444763 37.265413888888546)
14,골장항,경상북도 울진군 죽변면 봉평리,소형선용항만/지방어항/,소형선항만안내도,2017,국립해양조사원,POINT (129.41505833333738 37.03245555555511)
15,기성항,경상북도 울진군 기성면 기성리,소형선용항만/지방어항/,소형선항만안내도,2017,국립해양조사원,POINT (129.45977222222683 36.80164999999946)
16,직산항,경상북도 울진군 평해읍 직산리,소형선용항만/지방어항/,소형선항만안내도,2017,국립해양조사원,POINT (129.47435555556035 36.72456388888831)
17,백석항,경상북도 영덕군 병곡면 백석리,소형선용항만/지방어항/,소형선항만안내도,2017,국립해양조사원,POINT (129.4135527777818 36.62410277777719)
18,병곡항,경상북도 영덕군 병곡면 병곡리,소형선용항만/지방어항/,소형선항만안내도,2017,국립해양조사원,POINT (129.41450833333744 36.598699999999404)
19,경정항,경상북도 영덕군 축산면 경정리,소형선용항만/지방어항/,소형선항만안내도,2017,국립해양조사원,POINT (129.43478611111544 36.48270277777714)
20,노물항,경상북도 영덕군 영덕읍 노물리,소형선용항만/지방어항/,소형선항만안내도,2017,국립해양조사원,POINT (129.43500833333763 36.44467777777713)
21,창포항,경상북도 영덕군 영덕읍 대부리,소형선용항만/지방어항/,소형선항만안내도,2017,국립해양조사원,POINT (129.42609444444864 36.40580833333267)
22,부경항,경상북도 영덕군 남정면 부경리,소형선용항만/지방어항/,소형선항만안내도,2017,국립해양조사원,POINT (129.3780611111148 36.271361111110416)
23,지경항,경상북도 포항시 북구 송라면 지경리,소형선용항만/지방어항/,소형선항만안내도,2017,국립해양조사원,POINT (129.3753916666703 36.26040277777709)
24,방석항,경상북도 포항시 북구 송라면 방석리,소형선용항만/지방어항/,소형선항만안내도,2017,국립해양조사원,POINT (129.3822472222259 36.232222222221516)
25,이가리항,경상북도 포항시 북구 청하면 이가리,소형선용항만/지방어항/,소형선항만안내도,2017,국립해양조사원,POINT (129.38637500000374 36.18469166666594)
26,죽천항,경상북도 포항시 북구 흥해읍 죽천리,소형선용항만/지방어항/,소형선항만안내도,2017,국립해양조사원,POINT (129.42000833333742 36.0879916666659)
27,발산항,경상북도 포항시 남구 동해면 발산리,소형선용항만/지방어항/,소형선항만안내도,2017,국립해양조사원,POINT (129.50330000000514 36.03240277777697)
28,대보1리항,경상북도 포항시 남구 호미곶면 대보1리,소형선용항만/지방어항/,소형선항만안내도,2017,국립해양조사원,POINT (129.56959722222837 36.06819166666584)
29,삼정항,경상북도 포항시 남구 구룡포읍 삼정리,소형선용항만/지방어항/,소형선항만안내도,2017,국립해양조사원,POINT (129.57383333333956 36.00301944444361)
30,모포항,경상북도 포항시 남구 장기면 모포리,소형선용항만/지방어항/,소형선항만안내도,2017,국립해양조사원,POINT (129.52694166667212 35.932486111110265)
31,전촌항,경상북도 경주시 감포읍 전촌리,소형선용항만/지방어항/,소형선항만안내도,2017,국립해양조사원,POINT (129.49505277778277 35.79058611111023)
32,나정항,경상북도 경주시 감포읍 나정리,소형선용항만/지방어항/,소형선항만안내도,2017,국립해양조사원,POINT (129.49575000000505 35.77710833333244)
33,가곡항,경상북도 경주시 감포읍 대본리,소형선용항만/지방어항/,소형선항만안내도,2017,국립해양조사원,POINT (129.4933027777828 35.76016666666577)
34,당사항,울산광역시 북구 당사동,소형선용항만/지방어항/,소형선항만안내도,2017,국립해양조사원,POINT (129.45839722222678 35.58404444444352)
35,주전항,울산광역시 동구 주전동,소형선용항만/지방어항/,소형선항만안내도,2017,국립해양조사원,POINT (129.4575333333379 35.56160277777684)
36,나사항,울산광역시 울주군 서생면 나사리,소형선용항만/지방어항/,소형선항만안내도,2017,국립해양조사원,POINT (129.34082500000326 35.35520555555461)
37,신암항,울산광역시 울주군 서생면 신암리,소형선용항만/지방어항/,소형선항만안내도,2017,국립해양조사원,POINT (129.32663611111423 35.34705555555461)
38,월내항,부산광역시 기장군 장안읍 월내리,소형선용항만/지방어항/,소형선항만안내도,2017,국립해양조사원,POINT (129.27793333333602 35.32506388888793)
39,칠암항,부산광역시 기장군 일광면 칠암리,소형선용항만/지방어항/,소형선항만안내도,2017,국립해양조사원,POINT (129.26141666666922 35.298633333332376)
40,동백항,부산광역시 기장군 일광면 동백리,소형선용항만/지방어항/,소형선항만안내도,2017,국립해양조사원,POINT (129.25805833333587 35.28853333333238)
41,이동항,부산광역시 기장군 일광면 이천리,소형선용항만/지방어항/,소형선항만안내도,2017,국립해양조사원,POINT (129.2452416666691 35.27074999999905)
42,학리항,부산광역시 기장군 일광면 학리,소형선용항만/지방어항/,소형선항만안내도,2017,국립해양조사원,POINT (129.24618611111356 35.25933611111015)
43,두호항,부산광역시 기장군 기장읍 죽성리,소형선용항만/지방어항/,소형선항만안내도,2017,국립해양조사원,POINT (129.2459416666691 35.24292777777682)
44,신암항,부산광역시 기장군 기장읍,소형선용항만/지방어항/,소형선항만안내도,2017,국립해양조사원,POINT (129.22872500000233 35.21915277777681)
45,송정항,부산광역시 해운대구 송정동,소형선용항만/지방어항/,소형선항만안내도,2017,국립해양조사원,POINT (129.20662222222438 35.180566666665705)
46,청사포항,부산광역시 해운대구 중2동,소형선용항만/지방어항/,소형선항만안내도,2017,국립해양조사원,POINT (129.19110000000205 35.159652777776806)
47,우동항,부산광역시 해운대구 우2동,소형선용항만/지방어항/,소형선항만안내도,2017,국립해양조사원,POINT (129.1355166666684 35.16209166666572)
48,민락항,부산광역시 수영구 민락동,소형선용항만/지방어항/,소형선항만안내도,2017,국립해양조사원,POINT (129.1289500000017 35.15322499999903)
49,통구미항,경상북도 울릉군 서면 남양리,소형선용항만/지방어항/,소형선항만안내도,2017,국립해양조사원,POINT (130.85709166675414 37.4599194444418)
50,태하항,경상북도 울릉군 서면 태하리,소형선용항만/지방어항/,소형선항만안내도,2017,국립해양조사원,POINT (130.79748888896785 37.51113055555321)
51,천부항,경상북도 울릉군 북면 천부리,소형선용항만/지방어항/,소형선항만안내도,2017,국립해양조사원,POINT (130.8719000000896 37.54040833333068)
52,대항항,부산광역시 강서구 대항동,소형선용항만/지방어항/,소형선항만안내도,2017,국립해양조사원,POINT (128.8257972222228 35.01141111111015)
53,수치항,경상남도 창원시 진해구 원포동,소형선용항만/지방어항/,소형선항만안내도,2017,국립해양조사원,POINT (128.70355277777813 35.10536944444349)
54,옥계항,경상남도 창원시 마산합포구 구산면 옥계리,소형선용항만/지방어항/,소형선항만안내도,2017,국립해양조사원,POINT (128.61383611111134 35.09188055555463)
55,진동항,경상남도 창원시 마산합포구 진동면 고현리,소형선용항만/지방어항/,소형선항만안내도,2017,국립해양조사원,POINT (128.48017500000012 35.09995555555462)
56,당항항,경상남도 고성군 회화면 당항리,소형선용항만/지방어항/,소형선항만안내도,2017,국립해양조사원,POINT (128.38504166666675 35.04963611111016)
57,당동항,경상남도 고성군 거류면 당동리,소형선용항만/지방어항/,소형선항만안내도,2017,국립해양조사원,POINT (128.40977500000008 34.98618055555459)
58,예포항,경상남도 통영시 광도면 안정리,소형선용항만/지방어항/,소형선항만안내도,2017,국립해양조사원,POINT (128.42668888888898 34.94070833333235)
59,견유항,경상남도 통영시 용남면 장평리,소형선용항만/지방어항/,소형선항만안내도,2017,국립해양조사원,POINT (128.47136944444455 34.8874388888879)
60,동암항,경상남도 통영시 용남면 동달리,소형선용항만/지방어항/,소형선항만안내도,2017,국립해양조사원,POINT (128.45505833333345 34.86772499999901)
61,평림항,경상남도 통영시 평림동,소형선용항만/지방어항/,소형선항만안내도,2017,국립해양조사원,POINT (128.3842777777778 34.856711111110116)
62,신천항,제주특별자치도 서귀포시 성산읍 신천리,소형선용항만/지방어항/,소형선항만안내도,2017,국립해양조사원,POINT (126.85758611111112 33.34151388888757)
63,신양항,제주특별자치도 서귀포시 성산읍 신양리,소형선용항만/지방어항/,소형선항만안내도,2017,국립해양조사원,POINT (126.91875555555556 33.428058333332025)
64,우도항,제주특별자치도 제주시 우도면 연평리,소형선용항만/지방어항/,소형선항만안내도,2017,국립해양조사원,POINT (126.94954722222224 33.492527777776495)
65,선소항,경상남도 남해군 남해읍 선소리,소형선용항만/지방어항/,소형선항만안내도,2017,국립해양조사원,POINT (127.91546944444443 34.847224999999)
66,종달항,제주특별자치도 제주시 구좌읍 종달리,소형선용항만/지방어항/,소형선항만안내도,2017,국립해양조사원,POINT (126.91250277777776 33.49641666666537)
67,세화항,제주특별자치도 제주시 구좌읍,소형선용항만/지방어항/,소형선항만안내도,2017,국립해양조사원,POINT (126.8567861111111 33.52968611110983)
68,조천항,제주특별자치도 제주시 조천읍 조천리,소형선용항만/지방어항/,소형선항만안내도,2017,국립해양조사원,POINT (126.63344166666663 33.541597222220936)
69,화북항,제주특별자치도 제주시 화북1동,소형선용항만/지방어항/,소형선항만안내도,2017,국립해양조사원,POINT (126.5654527777777 33.52648055555427)
70,성포항,경상남도 거제시 사등면 성포리,소형선용항만/지방어항/,소형선항만안내도,2017,국립해양조사원,POINT (128.52467222222236 34.92172499999903)
71,유교항,경상남도 거제시 사등면 창호리,소형선용항만/지방어항/,소형선항만안내도,2017,국립해양조사원,POINT (128.53048888888904 34.9592027777768)
72,한내항,경상남도 거제시 연초면 한내리,소형선용항만/지방어항/,소형선항만안내도,2017,국립해양조사원,POINT (128.5993861111113 34.92979722222123)
73,하청항,경상남도 거제시 하청면 하청리,소형선용항만/지방어항/,소형선항만안내도,2017,국립해양조사원,POINT (128.64918333333358 34.96066944444346)
74,송포항,경상남도 거제시 하청면 대곡리,소형선용항만/지방어항/,소형선항만안내도,2017,국립해양조사원,POINT (128.64201388888915 35.012658333332375)
75,물안항,경상남도 거제시 하청면 어온리,소형선용항만/지방어항/,소형선항만안내도,2017,국립해양조사원,POINT (128.64959166666696 35.00281388888793)
76,유호항,경상남도 거제시 장목면 유호리,소형선용항만/지방어항/,소형선항만안내도,2017,국립해양조사원,POINT (128.71516388888926 35.028108333332376)
77,관포항,경상남도 거제시 장목면 관포리,소형선용항만/지방어항/,소형선항만안내도,2017,국립해양조사원,POINT (128.696216666667 34.99162222222125)
78,시방항,경상남도 거제시 장목면 시방리,소형선용항만/지방어항/,소형선항만안내도,2017,국립해양조사원,POINT (128.7099222222226 34.96509999999903)
79,도장포항,경상남도 거제시 남부면 갈곶리,소형선용항만/지방어항/,소형선항만안내도,2017,국립해양조사원,POINT (128.66193333333362 34.74270833333231)
80,쌍근항,경상남도 거제시 남부면 탑포리,소형선용항만/지방어항/,소형선항만안내도,2017,국립해양조사원,POINT (128.58664166666688 34.762891666665645)
81,죽림항,경상남도 거제시 거제면 오수리,소형선용항만/지방어항/,소형선항만안내도,2017,국립해양조사원,POINT (128.5786333333335 34.841802777776785)
82,장작지항,경상남도 통영시 한산면 두억리,소형선용항만/지방어항/,소형선항만안내도,2017,국립해양조사원,POINT (128.47242777777788 34.77235555555453)
83,하포항,경상남도 통영시 한산면 하포리,소형선용항만/지방어항/,소형선항만안내도,2017,국립해양조사원,POINT (128.4783750000001 34.76137499999898)
84,연화항,경상남도 통영시 욕지면 연화리,소형선용항만/지방어항/,소형선항만안내도,2017,국립해양조사원,POINT (128.3509277777778 34.64987777777673)
85,내항항,경상남도 통영시 한산면 비진리,소형선용항만/지방어항/,소형선항만안내도,2017,국립해양조사원,POINT (128.45991666666674 34.7313972222212)
86,학림항,경상남도 통영시 산양읍 저림리,소형선용항만/지방어항/,소형선항만안내도,2017,국립해양조사원,POINT (128.4081500000001 34.748408333332314)
87,곤리항,경상남도 통영시 산양읍 곤리리,소형선용항만/지방어항/,소형선항만안내도,2017,국립해양조사원,POINT (128.37062222222227 34.78324166666566)
88,연명항,경상남도 통영시 산양읍 연화리,소형선용항만/지방어항/,소형선항만안내도,2017,국립해양조사원,POINT (128.39565000000007 34.77884166666564)
89,이운항,경상남도 통영시 산양읍 영운리,소형선용항만/지방어항/,소형선항만안내도,2017,국립해양조사원,POINT (128.4339111111112 34.80082777777677)
90,향촌항,경상남도 통영시 산양읍 풍화리,소형선용항만/지방어항/,소형선항만안내도,2017,국립해양조사원,POINT (128.35626666666673 34.83316388888789)
91,포교항,경상남도 고성군 삼산면 두포리,소형선용항만/지방어항/,소형선항만안내도,2017,국립해양조사원,POINT (128.27475833333335 34.905383333332345)
92,진촌항,경상남도 통영시 사량면 금평리,소형선용항만/지방어항/,소형선항만안내도,2017,국립해양조사원,POINT (128.22255000000004 34.84263611111011)
93,돈지항,경상남도 통영시 사량면 돈지리,소형선용항만/지방어항/,소형선항만안내도,2017,국립해양조사원,POINT (128.18214722222223 34.836666666665664)
94,낙지포항,경상남도 사천시 서포면 비토리,소형선용항만/지방어항/,소형선항만안내도,2017,국립해양조사원,POINT (127.970925 34.966199999999034)
95,늑도항,경상남도 사천시 늑도동,소형선용항만/지방어항/,소형선항만안내도,2017,국립해양조사원,POINT (128.039175 34.92456388888791)
96,냉천항,경상남도 남해군 창선면 당항리,소형선용항만/지방어항/,소형선항만안내도,2017,국립해양조사원,POINT (128.02898611111112 34.90664722222124)
97,적량항,경상남도 남해군 창선면 진동리,소형선용항만/지방어항/,소형선항만안내도,2017,국립해양조사원,POINT (128.05916666666667 34.85893333333233)
98,장포항,경상남도 남해군 창선면 진동리,소형선용항만/지방어항/,소형선항만안내도,2017,국립해양조사원,POINT (128.06340555555556 34.84635555555456)
99,신흥항,경상남도 남해군 창선면 지족리,소형선용항만/지방어항/,소형선항만안내도,2017,국립해양조사원,POINT (127.97072777777778 34.84576944444344)
100,지족항,경상남도 남해군 삼동면 지족리,소형선용항만/지방어항/,소형선항만안내도,2017,국립해양조사원,POINT (128.00229444444443 34.83254722222122)
101,은점항,경상남도 남해군 삼동면 물건리,소형선용항만/지방어항/,소형선항만안내도,2017,국립해양조사원,POINT (128.05235277777777 34.78536111111009)
102,원천항,경상남도 남해군 이동면 신전리,소형선용항만/지방어항/,소형선항만안내도,2017,국립해양조사원,POINT (127.94716388888888 34.763549999998986)
103,서상항,경상남도 남해군 서면 서상리,소형선용항만/지방어항/,소형선항만안내도,2017,국립해양조사원,POINT (127.83195555555557 34.80947499999899)
104,유포항,경상남도 남해군 서면 노구리,소형선용항만/지방어항/,소형선항만안내도,2017,국립해양조사원,POINT (127.81281944444444 34.86399444444344)
105,중평항,경상남도 하동군 금남면 중평리,소형선용항만/지방어항/,소형선항만안내도,2017,국립해양조사원,POINT (127.9094138888889 34.97304166666571)
106,계동항,전라남도 여수시 돌산읍 평사리,소형선용항만/지방어항/,소형선항만안내도,2017,국립해양조사원,POINT (127.79502777777778 34.66409722222118)
107,죽포항,전라남도 여수시 돌산읍 죽포리,소형선용항만/지방어항/,소형선항만안내도,2017,국립해양조사원,POINT (127.79517222222223 34.64444166666562)
108,소율항,전라남도 여수시 돌산읍 율림리,소형선용항만/지방어항/,소형선항만안내도,2017,국립해양조사원,POINT (127.79444166666667 34.60403611111006)
109,성두항,전라남도 여수시 돌산읍 금성리,소형선용항만/지방어항/,소형선항만안내도,2017,국립해양조사원,POINT (127.78176111111111 34.587549999998934)
110,횡간도항,전라남도 여수시 남면 횡간리,소형선용항만/지방어항/,소형선항만안내도,2017,국립해양조사원,POINT (127.75716388888887 34.5797805555545)
111,우학항,전라남도 여수시 남면 우학리,소형선용항만/지방어항/,소형선항만안내도,2017,국립해양조사원,POINT (127.7680388888889 34.51008333333225)
112,심포항,전라남도 여수시 남면 심장리,소형선용항만/지방어항/,소형선항만안내도,2017,국립해양조사원,POINT (127.77210833333334 34.49753055555448)
113,함구미항,전라남도 여수시 남면 유송리,소형선용항만/지방어항/,소형선항만안내도,2017,국립해양조사원,POINT (127.70951944444445 34.53864722222116)
114,세포항,전라남도 여수시 화양면 안포리,소형선용항만/지방어항/,소형선항만안내도,2017,국립해양조사원,POINT (127.63480277777778 34.637722222221164)
115,상진항,전라남도 보성군 벌교읍 장암리,소형선용항만/지방어항/,소형선항만안내도,2017,국립해양조사원,POINT (127.41156388888889 34.814888888887886)
116,남성항,전라남도 고흥군 포두면 남성리,소형선용항만/지방어항/,소형선항만안내도,2017,국립해양조사원,POINT (127.43109444444444 34.52093333333226)
117,덕흥항,전라남도 고흥군 동일면 덕흥리,소형선용항만/지방어항/,소형선항만안내도,2017,국립해양조사원,POINT (127.43919722222222 34.52951944444338)
118,봉남항,전라남도 고흥군 동일면 봉영리,소형선용항만/지방어항/,소형선항만안내도,2017,국립해양조사원,POINT (127.48875277777779 34.48384166666558)
119,염포항,전라남도 고흥군 봉래면 외초리,소형선용항만/지방어항/,소형선항만안내도,2017,국립해양조사원,POINT (127.49180833333334 34.424786111110016)
120,서도항,전라남도 여수시 삼산면 서도리,소형선용항만/지방어항/,소형선항만안내도,2017,국립해양조사원,POINT (127.29618055555555 34.05271388888771)
121,하동항,전라남도 고흥군 도화면 구암리,소형선용항만/지방어항/,소형선항만안내도,2017,국립해양조사원,POINT (127.29517777777778 34.469755555554464)
122,죽도항,전라남도 고흥군 도화면 지죽리,소형선용항만/지방어항/,소형선항만안내도,2017,국립해양조사원,POINT (127.29621388888889 34.44713333333224)
123,명천항,전라남도 고흥군 금산면 신평리,소형선용항만/지방어항/,소형선항만안내도,2017,국립해양조사원,POINT (127.22987222222223 34.469272222221136)
124,금진항,전라남도 고흥군 금산면 신촌리,소형선용항만/지방어항/,소형선항만안내도,2017,국립해양조사원,POINT (127.12210555555556 34.49064999999893)
125,장수항,전라남도 고흥군 도양읍 장계리,소형선용항만/지방어항/,소형선항만안내도,2017,국립해양조사원,POINT (127.13296111111111 34.574516666665595)
126,수문항,전라남도 장흥군 안양면 수문리,소형선용항만/지방어항/,소형선항만안내도,2017,국립해양조사원,POINT (127.0323361111111 34.63010555555449)
127,장환항,전라남도 장흥군 관산읍 고마리,소형선용항만/지방어항/,소형선항만안내도,2017,국립해양조사원,POINT (126.99798611111112 34.56730833333227)
128,울포항,전라남도 완도군 금당면 차우리,소형선용항만/지방어항/,소형선항만안내도,2017,국립해양조사원,POINT (127.07465277777779 34.426866666665575)
129,연동항,전라남도 완도군 고금면 장풍리,소형선용항만/지방어항/,소형선항만안내도,2017,국립해양조사원,POINT (126.80773055555557 34.38307777777668)
130,동백항,전라남도 완도군 금일읍 동백리,소형선용항만/지방어항/,소형선항만안내도,2017,국립해양조사원,POINT (127.04569166666667 34.3297333333322)
131,서성항,전라남도 완도군 생일면 유서리,소형선용항만/지방어항/,소형선항만안내도,2017,국립해양조사원,POINT (126.9965138888889 34.33510833333222)
132,옹암항,전라남도 장흥군 대덕읍 옹암리,소형선용항만/지방어항/,소형선항만안내도,2017,국립해양조사원,POINT (126.88563333333333 34.435333333332224)
133,가교항,전라남도 완도군 고금면 가교리,소형선용항만/지방어항/,소형선항만안내도,2017,국립해양조사원,POINT (126.8157611111111 34.43438611111001)
134,장용항,전라남도 완도군 약산면 장용리,소형선용항만/지방어항/,소형선항만안내도,2017,국립해양조사원,POINT (126.90769722222223 34.40272777777668)
135,월양항,전라남도 완도군 신지면 윌부리,소형선용항만/지방어항/,소형선항만안내도,2017,국립해양조사원,POINT (126.83854722222223 34.31340833333222)
136,모서항,전라남도 완도군 청산면 모도리,소형선용항만/지방어항/,소형선항만안내도,2017,국립해양조사원,POINT (126.75186388888886 34.203352777776644)
137,사초항,전라남도 강진군 신전면 사초리,소형선용항만/지방어항/,소형선항만안내도,2017,국립해양조사원,POINT (126.75381388888887 34.47284722222113)
138,송포항,전라북도 부안군 변산면 대항리,소형선용항만/지방어항/,소형선항만안내도,2017,국립해양조사원,POINT (126.52665555555545 35.6764138888881)
139,내동항,전라남도 해남군 북일면 내동리,소형선용항만/지방어항/,소형선항만안내도,2017,국립해양조사원,POINT (126.72476666666665 34.44232499999891)
140,영전항,전라남도 해남군 북평면 영전리,소형선용항만/지방어항/,소형선항만안내도,2017,국립해양조사원,POINT (126.60253055555549 34.336222222221096)
141,동천항,전라남도 완도군 노화읍 동천리,소형선용항만/지방어항/,소형선항만안내도,2017,국립해양조사원,POINT (126.62260833333329 34.20026666666551)
142,미라항,전라남도 완도군 소안면 미라리,소형선용항만/지방어항/,소형선항만안내도,2017,국립해양조사원,POINT (126.67086388888885 34.14806666666551)
143,진산항,전라남도 완도군 소안면 진산리,소형선용항만/지방어항/,소형선항만안내도,2017,국립해양조사원,POINT (126.6447555555555 34.13008888888773)
144,방축항,전라남도 완도군 노화읍 방서리,소형선용항만/지방어항/,소형선항만안내도,2017,국립해양조사원,POINT (126.49563611111098 34.18163888888774)
145,하귀1리항,제주특별자치도 제주시 애월읍 하귀1리,소형선용항만/지방어항/,소형선항만안내도,2017,국립해양조사원,POINT (126.40694444444428 33.48587777777648)
146,귀덕1리항,제주특별자치도 제주시 한림읍 귀덕리,소형선용항만/지방어항/,소형선항만안내도,2017,국립해양조사원,POINT (126.29290555555521 33.445722222220915)
147,신창항,제주특별자치도 제주시 북제주군 한경면 신창리,소형선용항만/지방어항/,소형선항만안내도,2017,국립해양조사원,POINT (126.17877222222168 33.34827222222089)
148,고산항,제주특별자치도 제주시 북제주군 한경면 고산리,소형선용항만/지방어항/,소형선항만안내도,2017,국립해양조사원,POINT (126.16471666666611 33.31056388888754)
149,가파항,제주특별자치도 서귀포시 대정읍 가파리,소형선용항만/지방어항/,소형선항만안내도,2017,국립해양조사원,POINT (126.27428888888853 33.16569999999864)
150,사계항,제주특별자치도 서귀포시 안덕면 사계리,소형선용항만/지방어항/,소형선항만안내도,2017,국립해양조사원,POINT (126.30690277777747 33.227297222220855)
151,대포항,제주특별자치도 서귀포시 대포동,소형선용항만/지방어항/,소형선항만안내도,2017,국립해양조사원,POINT (126.43818611111095 33.23785277777644)
152,법환항,제주특별자치도 서귀포시 법환동,소형선용항만/지방어항/,소형선항만안내도,2017,국립해양조사원,POINT (126.51753055555545 33.236272222220876)
153,태흥2리항,제주특별자치도 서귀포시 남원읍 태흥리,소형선용항만/지방어항/,소형선항만안내도,2017,국립해양조사원,POINT (126.75156944444443 33.285438888887555)
154,표선항,제주특별자치도 서귀포시 표선면 표선리,소형선용항만/지방어항/,소형선항만안내도,2017,국립해양조사원,POINT (126.84608611111112 33.32600277777646)
155,소연평항,인천광역시 옹진군 연평면 소연평리,소형선용항만/지방어항/,소형선항만안내도,2017,국립해양조사원,POINT (125.70840833333045 37.61246111111092)
156,주문항,인천광역시 강화군 서도면 주문도리,소형선용항만/지방어항/,소형선항만안내도,2017,국립해양조사원,POINT (126.23677499999955 37.655399999999865)
157,장곶항,인천광역시 강화군 삼산면 매음리,소형선용항만/지방어항/,소형선항만안내도,2017,국립해양조사원,POINT (126.32634444444412 37.65366666666654)
158,창후항,인천광역시 강화군 내가면 창후리,소형선용항만/지방어항/,소형선항만안내도,2017,국립해양조사원,
159,외포항,인천광역시 강화군 내가면 외포리,소형선용항만/지방어항/,소형선항만안내도,2017,국립해양조사원,POINT (126.37781388888865 37.69988888888876)
160,후포항,인천광역시 강화군 화도면 내리,소형선용항만/지방어항/,소형선항만안내도,2017,국립해양조사원,POINT (126.39288611111088 37.64083888888875)
161,선두항,인천광역시 강화군 길상면 선두리,소형선용항만/지방어항/,소형선항만안내도,2017,국립해양조사원,POINT (126.49713611111096 37.59723333333318)
162,대명항,경기도 김포시 대곶면 대명리,소형선용항만/지방어항/,소형선항만안내도,2017,국립해양조사원,POINT (126.53990277777768 37.63897499999986)
163,대무의항,인천광역시 중구 무의동,소형선용항만/지방어항/,소형선항만안내도,2017,국립해양조사원,POINT (126.41369722222204 37.41059444444422)
164,광명항,인천광역시 중구 무의동,소형선용항만/지방어항/,소형선항만안내도,2017,국립해양조사원,POINT (126.43583888888871 37.37366666666642)
165,진리항,인천광역시 옹진군 덕적면 진리,소형선용항만/지방어항/,소형선항만안내도,2017,국립해양조사원,POINT (126.14788888888823 37.217969444444144)
166,자월1리항,인천광역시 옹진군 자월면 자월1리,소형선용항만/지방어항/,소형선항만안내도,2017,국립해양조사원,POINT (126.30230277777743 37.252822222221944)
167,제부항,경기도 화성시 서신면 제부리,소형선용항만/지방어항/,소형선항만안내도,2017,국립해양조사원,POINT (126.62283333333326 37.17914999999968)
168,탄도항,경기도 안산시 단원구 선감동,소형선용항만/지방어항/,소형선항만안내도,2017,국립해양조사원,POINT (126.64702777777774 37.190072222221914)
169,전곡항,경기도 화성시 서신면 전곡리,소형선용항만/지방어항/,소형선항만안내도,2017,국립해양조사원,POINT (126.64846388888884 37.18706388888859)
170,풍도항,경기도 안산시 단원구 풍도동,소형선용항만/지방어항/,소형선항만안내도,2017,국립해양조사원,POINT (126.39423055555534 37.11191111111077)
171,난지도항,충청남도 당진시 석문면 난지도리,소형선용항만/지방어항/,소형선항만안내도,2017,국립해양조사원,POINT (126.45048888888871 37.05398888888855)
172,만대항,충청남도 태안군 이원면 내리,소형선용항만/지방어항/,소형선항만안내도,2017,국립해양조사원,POINT (126.30492499999963 36.965836111110725)
173,구도항,충청남도 서산시 팔봉면 호리,소형선용항만/지방어항/,소형선항만안내도,2017,국립해양조사원,POINT (126.32484166666636 36.82806111111067)
174,학암포항,충청남도 태안군 원북면 방갈리,소형선용항만/지방어항/,소형선항만안내도,2017,국립해양조사원,POINT (126.20731666666616 36.901638888888485)
175,천리포항,충청남도 태안군 소원면 의항리,소형선용항만/지방어항/,소형선항만안내도,2017,국립해양조사원,POINT (126.146316666666 36.80303888888845)
176,만리포항,충청남도 태안군 소원면 모항리,소형선용항만/지방어항/,소형선항만안내도,2017,국립해양조사원,POINT (126.13379999999931 36.78531388888843)
177,어은돌항,충청남도 태안군 소원면 모항리,소형선용항만/지방어항/,소형선항만안내도,2017,국립해양조사원,POINT (126.12807499999927 36.750022222221766)
178,통개항,충청남도 태안군 소원면 파도리,소형선용항만/지방어항/,소형선항만안내도,2017,국립해양조사원,POINT (126.14322777777711 36.723924999999525)
179,가의도항,충청남도 태안군 근흥면 가의도리,소형선용항만/지방어항/,소형선항만안내도,2017,국립해양조사원,POINT (126.06569166666577 36.67211666666617)
180,채석포항,충청남도 태안군 근흥면 도황리,소형선용항만/지방어항/,소형선항만안내도,2017,국립해양조사원,POINT (126.22981111111062 36.694266666666174)
181,몽산포항,충청남도 태안군 남면 몽산리,소형선용항만/지방어항/,소형선항만안내도,2017,국립해양조사원,POINT (126.27037222222182 36.670869444443966)
182,마검포항,충청남도 태안군 남면 신온리,소형선용항만/지방어항/,소형선항만안내도,2017,국립해양조사원,POINT (126.28636111111074 36.62337222222172)
183,백사장항,충청남도 태안군 안면읍 창기리,소형선용항만/지방어항/,소형선항만안내도,2017,국립해양조사원,POINT (126.31588611111079 36.586377777777265)
184,방포항,충청남도 태안군 안면읍 승언리,소형선용항만/지방어항/,소형선항만안내도,2017,국립해양조사원,POINT (126.33220277777748 36.50385833333279)
185,영목항,충청남도 태안군 고남면 고남리,소형선용항만/지방어항/,소형선항만안내도,2017,국립해양조사원,POINT (126.42748611111091 36.39892222222166)
186,간월도항,충청남도 서산시 부석면 간월도리,소형선용항만/지방어항/,소형선항만안내도,2017,국립해양조사원,POINT (126.40947777777757 36.60569166666617)
187,궁리항,충청남도 홍성군 서부면 궁리,소형선용항만/지방어항/,소형선항만안내도,2017,국립해양조사원,POINT (126.45576111111095 36.58938888888837)
188,어사항,충청남도 홍성군 서부면 어사리,소형선용항만/지방어항/,소형선항만안내도,2017,국립해양조사원,POINT (126.46401388888874 36.5504722222217)
189,장고도항,충청남도 보령시 오천면 삽시도리,소형선용항만/지방어항/,소형선항만안내도,2017,국립해양조사원,POINT (126.34087777777751 36.39084444444389)
190,고대도항,충청남도 보령시 오천면 삽시도리,소형선용항만/지방어항/,소형선항만안내도,2017,국립해양조사원,POINT (126.37037222222197 36.391433333332756)
191,원산도항,충청남도 보령시 오천면 원산도리,소형선용항만/지방어항/,소형선항만안내도,2017,국립해양조사원,POINT (126.43438055555536 36.383827777777206)
192,삽시도항,충청남도 보령시 오천면 삽시도리,소형선용항만/지방어항/,소형선항만안내도,2017,국립해양조사원,POINT (126.36326111111087 36.352788888888306)
193,효자도항,충청남도 보령시 오천면 효자도리,소형선용항만/지방어항/,소형선항만안내도,2017,국립해양조사원,POINT (126.43991111111094 36.378936111110534)
194,호도항,충청남도 보령시 오천면 녹도리,소형선용항만/지방어항/,소형선항만안내도,2017,국립해양조사원,POINT (126.26533333333292 36.30365833333272)
195,녹도항,충청남도 보령시 오천면 녹도리,소형선용항만/지방어항/,소형선항만안내도,2017,국립해양조사원,POINT (126.26773055555516 36.26936388888828)
196,월하성항,충청남도 서천군 서면 월호리,소형선용항만/지방어항/,소형선항만안내도,2017,국립해양조사원,POINT (126.56361666666656 36.13207777777713)
197,다사항,충청남도 서천군 비인면 다사리,소형선용항만/지방어항/,소형선항만안내도,2017,국립해양조사원,POINT (126.6135805555555 36.09531944444379)
198,송석항,충청남도 서천군 마서면 송석리,소형선용항만/지방어항/,소형선항만안내도,2017,국립해양조사원,POINT (126.6212666666666 36.07636666666599)
199,방축도항,전라북도 군산시 옥도면 방축도리,소형선용항만/지방어항/,소형선항만안내도,2017,국립해양조사원,POINT (126.37848611111086 35.84846111111038)
200,선유도항,전라북도 군산시 옥도면 선유도리,소형선용항만/지방어항/,소형선항만안내도,2017,국립해양조사원,POINT (126.418097222222 35.826002777777035)
201,무녀도항,전라북도 군산시 옥도면 방축도리,소형선용항만/지방어항/,소형선항만안내도,2017,국립해양조사원,POINT (126.4393416666665 35.802474999999255)
202,비안도항,전라북도 군산시 옥도면 비안도리,소형선용항만/지방어항/,소형선항만안내도,2017,국립해양조사원,POINT (126.45958611111097 35.7370166666659)
203,성천항,전라북도 부안군 변산면 운산리,소형선용항만/지방어항/,소형선항만안내도,2017,국립해양조사원,POINT (126.49881111111097 35.6569249999992)
204,궁항항,전라북도 부안군 변산면 격포리,소형선용항만/지방어항/,소형선항만안내도,2017,국립해양조사원,POINT (126.46987777777764 35.60062777777697)
205,곰소항,전라북도 부안군 진서면 진서리,소형선용항만/지방어항/,소형선항만안내도,2017,국립해양조사원,POINT (126.60759444444436 35.58504166666585)
206,식도항,전라북도 부안군 위도면 식도리,소형선용항만/지방어항/,소형선항만안내도,2017,국립해양조사원,POINT (126.2880777777774 35.62358055555476)
207,동호항,전라북도 고창군 해리면 동호리,소형선용항만/지방어항/,소형선항만안내도,2017,국립해양조사원,POINT (126.48502777777765 35.52284722222141)
208,법성항,전라남도 영광군 법성면 법성리,소형선용항만/지방어항/,소형선항만안내도,2017,국립해양조사원,POINT (126.43719722222205 35.36011388888801)
209,설도항,전라남도 영광군 염산면 봉남리,소형선용항만/지방어항/,소형선항만안내도,2017,국립해양조사원,POINT (126.37533333333309 35.210524999999095)
210,도리포항,전라남도 무안군 해제면 송석리,소형선용항만/지방어항/,소형선항만안내도,2017,국립해양조사원,POINT (126.34669722222195 35.15553888888796)
211,재원항,전라남도 신안군 임자면 재원리,소형선용항만/지방어항/,소형선항만안내도,2017,국립해양조사원,POINT (126.03104999999901 35.08542499999905)
212,검산항,전라남도 신안군 증도면 방축리,소형선용항만/지방어항/,소형선항만안내도,2017,국립해양조사원,POINT (126.10815277777702 34.99428333333236)
213,톱머리항,전라남도 무안군 망운면 피서리,소형선용항만/지방어항/,소형선항만안내도,2017,국립해양조사원,POINT (126.38975555555533 34.96634999999903)
214,추포항,전라남도 신안군 암태면 수곡리,소형선용항만/지방어항/,소형선항만안내도,2017,국립해양조사원,POINT (126.07875833333253 34.79599166666563)
215,다수항,전라남도 신안군 장산면 다수리,소형선용항만/지방어항/,소형선항만안내도,2017,국립해양조사원,POINT (126.15006388888828 34.61827777777672)
216,수대항,전라남도 신안군 비금면 수대리,소형선용항만/지방어항/,소형선항만안내도,2017,국립해양조사원,POINT (125.93337499999862 34.71981944444338)
217,화도항,전라남도 신안군 도초면 발매리,소형선용항만/지방어항/,소형선항만안내도,2017,국립해양조사원,POINT (125.93559722222088 34.71604722222115)
218,소우이도항,전라남도 신안군 도초면 우이도리,소형선용항만/지방어항/,소형선항만안내도,2017,국립해양조사원,POINT (125.8719555555539 34.60979166666557)
219,영산항,전라남도 신안군 흑산면 영산리,소형선용항만/지방어항/,소형선항만안내도,2017,국립해양조사원,POINT (125.46414166666118 34.65196666666545)
220,사리항,전라남도 신안군 흑산면 사리,소형선용항만/지방어항/,소형선항만안내도,2017,국립해양조사원,POINT (125.41373333332707 34.64266111110987)
221,심리항,전라남도 신안군 흑산면 심리,소형선용항만/지방어항/,소형선항만안내도,2017,국립해양조사원,POINT (125.39524444443786 34.65070277777653)
222,하태항,전라남도 신안군 흑산면 태도리,소형선용항만/지방어항/,소형선항만안내도,2017,국립해양조사원,POINT (125.29746666665832 34.393688888887496)
223,굴포항,전라남도 진도군 임회면 굴포리,소형선용항만/지방어항/,소형선항만안내도,2017,국립해양조사원,POINT (126.20859999999952 34.36912777777667)
224,만재항,전라남도 신안군 흑산면 만재도리,소형선용항만/지방어항/,소형선항만안내도,2017,국립해양조사원,POINT (125.47218055555024 34.20927777777646)
225,우수영항,전라남도 해남군 문내면 선두리,소형선용항만/지방어항/,소형선항만안내도,2017,국립해양조사원,POINT (126.30889166666637 34.58816388888782)
226,벌포항,전라남도 진도군 고군면 지막리,소형선용항만/지방어항/,소형선항만안내도,2017,국립해양조사원,POINT (126.37253333333311 34.47174444444335)
227,용호항,전라남도 진도군 고군면 금계리,소형선용항만/지방어항/,소형선항만안내도,2017,국립해양조사원,POINT (126.36594999999974 34.44455833333223)
228,관호항,전라남도 진도군 조도면 관매도리,소형선용항만/지방어항/,소형선항만안내도,2017,국립해양조사원,POINT (126.04207499999909 34.237827777776616)
229,성등포항,전라남도 진도군 조도면 여미리,소형선용항만/지방어항/,소형선항만안내도,2017,국립해양조사원,POINT (126.02036666666568 34.32176388888774)
230,창유항,전라남도 진도군 조도면 창유리,소형선용항만/지방어항/,소형선항만안내도,2017,국립해양조사원,POINT (126.05341666666578 34.305586111109974)
231,징의항,전라남도 해남군 황산면 한자리,소형선용항만/지방어항/,소형선항만안내도,2017,국립해양조사원,POINT (126.45578333333319 34.52136111111004)
232,송평항,전라남도 해남군 화산면 평호리,소형선용항만/지방어항/,소형선항만안내도,2017,국립해양조사원,POINT (126.48360277777763 34.42504722222112)
233,학가항,전라남도 해남군 송지면 학가리,소형선용항만/지방어항/,소형선항만안내도,2017,국립해양조사원,POINT (126.49019444444433 34.40471666666556)
234,어불항,전라남도 해남군 송지면 어란리,소형선용항만/지방어항/,소형선항만안내도,2017,국립해양조사원,POINT (126.47565277777765 34.337138888887765)
235,송호항,전라남도 해남군 송지면 송호리,소형선용항만/지방어항/,소형선항만안내도,2017,국립해양조사원,POINT (126.51596666666657 34.31535833333221)
236,눌차항,부산광역시 강서구 눌차동,소형선용항만/지방어항/,소형선항만안내도,2017,국립해양조사원,POINT (128.8412388888895 35.07386388888793)
237,조라항,경상남도 거제시 옥포동,소형선용항만/지방어항/,소형선항만안내도,2017,국립해양조사원,POINT (128.69730277777808 34.88959722222123)
238,동고항,전라남도 완도군 신지면 동고리,소형선용항만/지방어항/,소형선항만안내도,2017,국립해양조사원,POINT (126.8808888888889 34.3390472222211)
239,하효항,제주특별자치도 서귀포시 하효동,소형선용항만/지방어항/,해양수산부고시,2020,국립해양조사원,POINT (126.62112499999995 33.24707499999867)
240,원평항,전라남도 신안군 비금면 신원리,소형선용항만/지방어항/,해양수산부고시,2020,국립해양조사원,POINT (125.90980555555407 34.77936111111005)
241,장봉항,인천광역시 옹진군 북도면 장봉리,소형선용항만/지방어항/,해양수산부고시,2020,국립해양조사원,POINT (126.33701944444414 37.52826666666648)
242,울도항,인천광역시 옹진군 덕적면 울도리,소형선용항만/지방어항/,해양수산부고시,2020,국립해양조사원,POINT (126.00331666666554 37.027086111110734)
