공간정보일련번호,어촌정주어항위도,어촌정주어항경도,어촌정주어항종류,어촌정주어항명칭,공간정보
1,127.5340124,34.82943144,마을공동어항,두랭이항,MULTIPOINT ((1003110.1135559548 1648313.4335294745))
2,127.5291219,34.80823931,마을공동어항,광암항,MULTIPOINT ((1002663.6052656018 1645963.2352602822))
3,127.5498483,34.80870506,마을공동어항,반월항,MULTIPOINT ((1004559.2987654547 1646015.6292895349))
4,127.5591053,34.80096178,마을공동어항,하복항,MULTIPOINT ((1005406.4822272538 1645157.4162237963))
5,127.5605608,34.79385892,마을공동어항,진목항,MULTIPOINT ((1005540.0949556929 1644369.8414287048))
6,127.5657424,34.77627642,마을공동어항,궁항항,MULTIPOINT ((1006015.3821636292 1642420.3757709311))
7,127.5744754,34.76399197,마을공동어항,달천항,MULTIPOINT ((1006815.4583333591 1641058.6864760958))
8,127.583616,34.74274161,마을공동어항,오천항,MULTIPOINT ((1007653.9001466717 1638702.8551237218))
9,127.5920579,34.74565261,마을공동어항,수문등항,MULTIPOINT ((1008426.3469445375 1639026.335619905))
10,127.5769206,34.73645383,마을공동어항,이천항,MULTIPOINT ((1007041.5671221856 1638005.1048627729))
11,127.5033886,34.754211,마을공동어항,마파항,MULTIPOINT ((1000310.1356070339 1639971.5364356812))
12,127.5608519,34.74146078,마을공동어항,운두도항,MULTIPOINT ((1005570.2448896286 1638559.324467201))
13,127.5542148,34.71910422,마을공동어항,기밀개항,MULTIPOINT ((1004964.0350702507 1636079.8295717565))
14,127.5631807,34.72626531,마을공동어항,인기미항,MULTIPOINT ((1005784.4772290062 1636874.409387921))
15,127.5546223,34.7117685,마을공동어항,마상항,MULTIPOINT ((1005001.7909479822 1635266.384057346))
16,127.5717391,34.73069006,마을공동어항,중촌항,MULTIPOINT ((1006567.68389299 1637365.6010668627))
17,127.5573587,34.69535042,마을공동어항,대서이항,MULTIPOINT ((1005253.3985573818 1633445.9090559569))
18,127.551362,34.68749069,마을공동어항,소서이항,MULTIPOINT ((1004704.6170313483 1632574.043310921))
19,127.5569511,34.67730217,마을공동어항,서연항,MULTIPOINT ((1005217.2057654292 1631444.5086095373))
20,127.5800063,34.65057911,마을공동어항,자매항,MULTIPOINT ((1007331.6078339308 1628482.6225253302))
21,127.5736603,34.63963372,마을공동어항,공정뒷항,MULTIPOINT ((1006750.9608292833 1627268.4476948415))
22,127.5780268,34.63934261,마을공동어항,공정앞항,MULTIPOINT ((1007151.1778080348 1627236.4675975707))
23,127.5327898,34.62816433,마을공동어항,둔병항,MULTIPOINT ((1003005.5912655266 1625994.634787332))
24,127.5558449,34.63881864,마을공동어항,조발항,MULTIPOINT ((1005118.2343371095 1627177.014526478))
25,127.51381,34.62531156,마을공동어항,작은적금항,MULTIPOINT ((1001265.9002242333 1625677.8899927652))
26,127.5546223,34.59381444,마을공동어항,사도항,MULTIPOINT ((1005008.881181782 1622186.4735042166))
27,127.566441,34.59311581,마을공동어항,추도항,MULTIPOINT ((1006092.7100362943 1622109.6523451759))
28,127.6044006,34.59952003,마을공동어항,상화항,MULTIPOINT ((1009572.9078727984 1622822.7558591652))
29,127.6184316,34.59486242,마을공동어항,하화항,MULTIPOINT ((1010860.0787169838 1622307.6989778364))
30,127.5529339,34.61576344,마을공동어항,규포항,MULTIPOINT ((1004852.7809484212 1624620.2936641457))
31,127.6322298,34.62432181,마을공동어항,와달항,MULTIPOINT ((1012121.0801788454 1625575.9977812616))
32,127.6324044,34.63183219,마을공동어항,세포항,MULTIPOINT ((1012135.9951422488 1626408.8421544393))
33,127.6200618,34.63916794,마을공동어항,구심이항,MULTIPOINT ((1011003.7151806045 1627220.884269223))
34,127.6131918,34.64341803,마을공동어항,장등항,MULTIPOINT ((1010373.5496246981 1627691.4463501931))
35,127.6414868,34.63476261,마을공동어항,삼섬항,MULTIPOINT ((1012968.0154394377 1626734.925730504))
36,127.6418749,34.62699994,마을공동어항,힛도항,MULTIPOINT ((1013004.801756469 1625874.1768825806))
37,127.6454458,34.61007728,마을공동어항,동머리항,MULTIPOINT ((1013334.8245551988 1623998.0995294987))
38,127.6253404,34.61586047,마을공동어항,신기항,MULTIPOINT ((1011490.7178608963 1624636.9194181645))
39,127.6800674,34.569983,마을공동어항,정목항,MULTIPOINT ((1016516.9517348898 1619557.2101521445))
40,127.6893438,34.56881858,마을공동어항,월항항,MULTIPOINT ((1017368.0883175328 1619429.6461125105))
41,127.7162803,34.56749892,마을공동어항,밀징포항,MULTIPOINT ((1019839.2341428375 1619288.2726430728))
42,127.7107688,34.57844431,마을공동어항,소두뒤항,MULTIPOINT ((1019331.1338646918 1620500.9232984593))
43,127.7457009,34.56656742,마을공동어항,소두뒤항,MULTIPOINT ((1022538.2196255295 1619191.1529878806))
44,127.7502809,34.56470436,마을공동어항,소두앞항,MULTIPOINT ((1022958.8574159396 1618985.5929783692))
45,127.7388309,34.57328214,마을공동어항,큰나발항,MULTIPOINT ((1021906.2724880619 1619934.2279418886))
46,127.7572285,34.57956992,마을공동어항,목넘항,MULTIPOINT ((1023591.9777387261 1620635.617821556))
47,127.7665437,34.56544181,마을공동어항,소횡간항,MULTIPOINT ((1024450.4734709284 1619071.18450939))
48,127.7371231,34.58632344,마을공동어항,마족항,MULTIPOINT ((1021746.2304317149 1621379.994362373))
49,127.7374336,34.578716,마을공동어항,월전항,MULTIPOINT ((1021776.6927619084 1620536.4800149964))
50,127.7534248,34.55084797,마을공동어항,여천항,MULTIPOINT ((1023251.1094993104 1617449.7977709484))
51,127.7704251,34.53586597,마을공동어항,수항항,MULTIPOINT ((1024815.2940417466 1615792.512983726))
52,127.7915396,34.49813931,마을공동어항,소우실포항,MULTIPOINT ((1026764.913753688 1611614.4688830548))
53,127.7539293,34.50388369,마을공동어항,학동항,MULTIPOINT ((1023310.483379601 1612242.1407290553))
54,127.8087145,34.48025603,마을공동어항,이야포항,MULTIPOINT ((1028347.7250997648 1609636.1155841039))
55,127.8055998,34.42905139,마을공동어항,남부항,MULTIPOINT ((1028078.8432096697 1603957.3277152462))
56,127.7969831,34.41601006,마을공동어항,덕포항,MULTIPOINT ((1027291.3740878631 1602508.869836063))
57,127.8200966,34.49769294,마을공동어항,동고지항,MULTIPOINT ((1029386.7674063393 1611572.898588048))
58,127.7301464,34.52459067,마을공동어항,두포항,MULTIPOINT ((1021122.0026626216 1614533.0639657595))
59,127.7379479,34.50782325,마을공동어항,직포항,MULTIPOINT ((1021842.3728759753 1612675.421068401))
60,127.7684553,34.53122778,마을공동어항,소유항,MULTIPOINT ((1024635.9049137528 1615277.7103967096))
61,127.7341054,34.61110583,마을공동어항,예교항,MULTIPOINT ((1021463.1029175211 1624127.4477190622))
62,127.732941,34.58921506,마을공동어항,치끝항,MULTIPOINT ((1021361.951502782 1621699.7491434333))
63,127.7888323,34.60598244,마을공동어항,음지항,MULTIPOINT ((1026482.1846234262 1623572.323131491))
64,127.7902296,34.60842769,마을공동어항,양지항,MULTIPOINT ((1026609.5172024699 1623843.8434444354))
65,127.7909283,34.62205122,마을공동어항,백포항,MULTIPOINT ((1026669.2140949026 1625354.736654739))
66,127.7546571,34.73191267,마을공동어항,신추항,MULTIPOINT ((1023313.4430983029 1637528.3534369618))
67,127.7434788,34.72079261,마을공동어항,세구지항,MULTIPOINT ((1022293.075315811 1636292.6986732378))
68,127.7408589,34.72719683,마을공동어항,백초항,MULTIPOINT ((1022051.4930189358 1637002.2950021666))
69,127.7797535,34.70952112,마을공동어항,하동항,MULTIPOINT ((1025617.8954860764 1635051.4240664255))
70,127.7766061,34.69727167,마을공동어항,굴전훗자리항,MULTIPOINT ((1025333.4050382497 1633692.2706330167))
71,127.7484275,34.67631242,마을공동어항,도실항,MULTIPOINT ((1022758.3564369855 1631361.3505544313))
72,127.7040638,34.67817544,마을공동어항,금죽항,MULTIPOINT ((1018693.7838496108 1631558.8122006897))
73,127.6374599,34.65104486,마을공동어항,석개항,MULTIPOINT ((1012596.4670697803 1628539.950402948))
74,127.634316,34.66070942,마을공동어항,원포항,MULTIPOINT ((1012306.9404892073 1629611.2646867689))
75,127.7047624,34.60842769,마을공동어항,송도서편항,MULTIPOINT ((1018773.4974359999 1623824.6184878473))
76,127.6239528,34.67829189,마을공동어항,안정항,MULTIPOINT ((1011354.9947782479 1631559.7723895875))
77,127.622672,34.69063458,마을공동어항,발통금항,MULTIPOINT ((1011235.9908119366 1632928.3165742222))
78,127.6246515,34.69459356,마을공동어항,난장이항,MULTIPOINT ((1011416.7571964398 1633367.552401671))
79,127.6265145,34.71695008,마을공동어항,용주항,MULTIPOINT ((1011584.2766991216 1635846.9012003364))
80,127.6155691,34.70798417,마을공동어항,나진항,MULTIPOINT ((1010583.2059316125 1634851.4556833603))
81,127.6153363,34.70379233,마을공동어항,참새끼미항,MULTIPOINT ((1010562.411960491 1634386.595022215))
82,127.6981253,34.72428583,마을공동어항,신월4통항,MULTIPOINT ((1018139.708232439 1636670.9518567203))
83,127.662611,34.74512864,마을공동어항,장도항,MULTIPOINT ((1014884.3955406732 1638976.4112719723))
84,127.6570219,34.74990269,마을공동어항,소호항,MULTIPOINT ((1014371.9733605448 1639505.0012691189))
85,127.6493368,34.73558053,마을공동어항,소제항,MULTIPOINT ((1013670.930498238 1637915.7209558033))
86,127.6426997,34.72742972,마을공동어항,송소항,MULTIPOINT ((1013064.6231291826 1637010.9843120833))
87,127.6721595,34.74400475,마을공동어항,옹남항,MULTIPOINT ((1015758.6150208097 1638853.2367031036))
88,127.6784127,34.7384207,마을공동어항,송현항,MULTIPOINT ((1016332.101162897 1638235.0099980626))
89,127.7280505,34.89230922,마을공동어항,온동항,MULTIPOINT ((1020837.2295301001 1655309.374374921))
90,127.710468,34.89824767,마을공동어항,도독항,MULTIPOINT ((1019229.3126395001 1655964.3986399688))
91,127.6971938,34.88928178,마을공동어항,광양포항,MULTIPOINT ((1018018.4777638408 1654967.6625726542))
92,127.7433042,34.87880214,마을공동어항,묘읍항,MULTIPOINT ((1022234.6175692879 1653814.7932313608))
93,127.7119817,34.87065131,마을공동어항,창촌항,MULTIPOINT ((1019374.0889493437 1652904.4098221166))
94,127.6443299,34.84177411,마을공동어항,삼간도항,MULTIPOINT ((1013195.6480735376 1649691.119302101))
95,127.6194117,34.86739097,마을공동어항,대륵도항,MULTIPOINT ((1010914.065080914 1652528.8701946577))
96,127.6107369,34.86855539,마을공동어항,소륵도항,MULTIPOINT ((1010121.0565351257 1652657.0864995369))
97,127.6119449,34.88126194,마을공동어항,송도항,MULTIPOINT ((1010229.8954981505 1654066.2897375752))
98,127.5941878,34.64954569,마을공동어항,장척항,MULTIPOINT ((1008631.2753068443 1628369.1503062996))
99,127.7314709,34.56105106,마을공동어항,봉통항,MULTIPOINT ((1021234.2991743535 1618576.3677094616))
100,127.7343819,34.57013339,마을공동어항,선창항,MULTIPOINT ((1021499.0068173253 1619584.110828138))
101,127.7250667,34.57374303,마을공동어항,비자금항,MULTIPOINT ((1020643.6613107466 1619982.4350576657))
102,127.6874565,34.58946247,마을공동어항,자봉항,MULTIPOINT ((1017190.7190321131 1621718.497728546))
103,127.7213115,34.577702,마을공동어항,쏨병끝항,MULTIPOINT ((1020298.2628668887 1620420.6791628452))
104,127.6714168,34.57362661,마을공동어항,신흥항,MULTIPOINT ((1015722.779623788 1619959.8639481235))
105,127.712724,34.72104006,마을공동어항,야도항,MULTIPOINT ((1019477.0830096077 1636313.7527972907))
106,127.7212824,34.59056867,마을공동어항,묘두항,MULTIPOINT ((1020292.4650758056 1621847.443873453))
107,127.5895011,34.65100119,마을공동어항,수문동항,MULTIPOINT ((1008201.6452170432 1628530.1590683954))
108,127.6239092,34.68750525,마을공동어항,굴구지항,MULTIPOINT ((1011349.7373063373 1632581.4416720553))
109,127.2952854,34.04065011,마을공동어항,변촌항,MULTIPOINT ((981104.0494385305 1560867.072904866))
110,127.3226198,34.02414469,마을공동어항,거문항,MULTIPOINT ((983623.9523183778 1559032.262646111))
111,127.3884232,34.28421417,마을공동어항,소거문항,MULTIPOINT ((989730.5623681329 1587860.4236549106))
112,127.3935756,34.28286056,마을공동어항,쥐포항,MULTIPOINT ((990204.6347317563 1587709.8227011207))
113,127.2479525,34.24626919,마을공동어항,예미항,MULTIPOINT ((976791.3149406817 1583676.0732784648))
114,127.2591308,34.24321261,마을공동어항,녹항,MULTIPOINT ((977819.8178566858 1583334.6591093591))
115,127.2514457,34.22041942,마을공동어항,경촌항,MULTIPOINT ((977105.9759934031 1580808.9913341482))
116,127.2379095,34.21841083,마을공동어항,정강항,MULTIPOINT ((975858.6008016574 1580589.3993694207))
117,127.4473056,34.24561419,마을공동어항,평도항,MULTIPOINT ((995147.8349698896 1583575.9733432056))
118,127.5299964,34.26266544,마을공동어항,광도항,MULTIPOINT ((1002761.5487460383 1585465.8118732204))
119,127.6393706,34.57125172,마을공동어항,엄남금항,MULTIPOINT ((1012783.7859680953 1619691.9922546898))
122,127.558173,34.662064,마을공동어항,벌가항,MULTIPOINT ((1005330.1145150901 1629754.8094589112))
123,127.04019,34.636902,마을공동어항,용곡항,MULTIPOINT ((957856.9129437512 1627059.17657915))
124,127.018576,34.625525,마을공동어항,사촌항,MULTIPOINT ((955869.8786843802 1625806.8198255792))
125,126.990699,34.626631,마을공동어항,해창항,MULTIPOINT ((953315.1069667446 1625942.0190818384))
126,127.002332,34.603217,마을공동어항,남포항,MULTIPOINT ((954368.6401734805 1623340.3003923553))
127,126.99434,34.595137,마을공동어항,상발항,MULTIPOINT ((953631.3537583684 1622447.9494866177))
128,126.98369,34.576307,마을공동어항,죽청항,MULTIPOINT ((952644.0662123234 1620364.8313567538))
129,126.993695,34.568178,마을공동어항,고마항,MULTIPOINT ((953557.212933128 1619458.7594340737))
130,126.989307,34.552492,마을공동어항,신당항,MULTIPOINT ((953145.9076356031 1617721.369608511))
131,126.988907,34.551335,마을공동어항,동두항,MULTIPOINT ((953108.559742241 1617593.2559316652))
132,126.988483,34.544994,마을공동어항,사금항,MULTIPOINT ((953066.0984336357 1616890.3022308964))
133,126.977689,34.512658,마을공동어항,우산항,MULTIPOINT ((952057.1638814046 1613309.6539848268))
134,126.970864,34.510599,마을공동어항,산서항,MULTIPOINT ((951429.4972279575 1613084.5905321133))
135,126.970984,34.489388,마을공동어항,신상항,MULTIPOINT ((951428.2115360483 1610732.470885198))
136,126.975603,34.471298,마을공동어항,대리항,MULTIPOINT ((951841.9168644132 1608724.2920268152))
137,126.95158,34.4748,마을공동어항,장산항,MULTIPOINT ((949637.8408580164 1609124.3139333867))
138,126.945254,34.482678,마을공동어항,덕산항,MULTIPOINT ((949061.6973828106 1610001.0598586265))
139,126.941054,34.482489,마을공동어항,이회진항,MULTIPOINT ((948675.9216686579 1609982.224009252))
140,126.927371,34.449204,마을공동어항,(안)삭금항,MULTIPOINT ((947398.6168963388 1606298.326029983))
141,126.945061,34.460833,마을공동어항,선자(항),MULTIPOINT ((949030.6956070029 1607578.7988781184))
142,126.865175,34.436634,마을공동어항,내저항,MULTIPOINT ((941676.5108918456 1604938.5134575048))
143,126.891038,34.456407,마을공동어항,가학항,MULTIPOINT ((944065.8461082429 1607116.5241485476))
144,126.850423,34.446846,마을공동어항,오성금항,MULTIPOINT ((940328.4358178175 1606079.4988822772))
120,127.46198,34.841579,마을공동어항,창산선착장,MULTIPOINT ((996523.938634311 1649660.6463920446))
121,127.492136,34.846819,마을공동어항,우명선착장,MULTIPOINT ((999281.062245617 1650241.09683598))
