공간정보일련번호,어촌정주어항위도,어촌정주어항경도,어촌정주어항종류,어촌정주어항명칭,어촌정주어항주소,어촌정주어항어선수,어촌정주어항주요시설,어촌정주어항지정일,공간정보
9,127.058932,34.65002,어촌정주어항,군학항,전라남도 보성군 회천면 전일리 874-1,15,인양기; 부잔교; 선상집하장; 선착장,,MULTIPOINT ((959581.0566938868 1628506.1670818778))
10,127.094964,34.670017,어촌정주어항,동율항,전라남도 보성군 회천면 우암길 81,56,인양기; 부잔교; 선상집하장; 선착장,,MULTIPOINT ((962891.921620804 1630709.791882657))
11,127.110535,34.681175,어촌정주어항,군농항,전라남도 보성군 회천면 금광길 32,17,인양기; 부잔교; 선상집하장; 선착장,,MULTIPOINT ((964323.2790089694 1631941.4891992677))
12,127.142926,34.693703,어촌정주어항,서당항,전라남도 보성군 회천면 서당리 36,12,인양기; 부잔교; 선상집하장; 선착장,,MULTIPOINT ((967295.3798085366 1633319.7354450712))
13,127.17527,34.692051,어촌정주어항,객산항,전라남도 보성군 회천면 객산리 220-35,10,인양기; 부잔교; 선상집하장; 선착장,,MULTIPOINT ((970257.2068833237 1633126.5105122472))
14,127.185776,34.695917,어촌정주어항,선소항,전라남도 보성군 득량면 비봉리 595-8,18,인양기; 부잔교; 선상집하장; 선착장; 물양장,,MULTIPOINT ((971220.8181548388 1633552.1619683988))
15,127.199523,34.711153,어촌정주어항,청암항,전라남도 보성군 득량면 비봉리 508-6,14,인양기; 부잔교; 선착장,,MULTIPOINT ((972484.928660632 1635237.857628406))
16,127.210768,34.729445,어촌정주어항,해평항,전라남도 보성군 득량면 해평리 36-9,8,인양기; 부잔교; 선상집하장; 선착장,,MULTIPOINT ((973520.483392665 1637263.2690009316))
17,127.230877,34.758231,어촌정주어항,예당항,전라남도 고흥군 대서면 동서로 1419-151,5,부잔교; 선착장,,MULTIPOINT ((975370.0351619266 1640450.2941576652))
18,127.395942,34.791642,어촌정주어항,대포항,전라남도 보성군 벌교읍 대포리 234-5,20,인양기; 부잔교; 선상집하장; 선착장,,MULTIPOINT ((990480.5267583568 1644127.263917002))
19,127.389525,34.829004,어촌정주어항,장양항,전라남도 보성군 벌교읍 장양리 114-5,12,인양기; 부잔교; 선착장,,MULTIPOINT ((989898.0445268688 1648271.067933263))
26,126.965456,34.445863,어촌정주어항,장흥노력항,전라남도 장흥군 회진면 노력도1길 465,,,,MULTIPOINT ((950895.1669321711 1605908.7279453026))
136,126.2149684,34.52301864,어촌정주어항,청룡항,,,,,MULTIPOINT ((882058.7959250988 1615084.3412366894))
137,126.2963905,34.39663111,어촌정주어항,금갑항,,,,,MULTIPOINT ((889365.5673802767 1600976.570397367))
138,126.2676859,34.38454056,어촌정주어항,동헌항,,,,,MULTIPOINT ((886710.6395130627 1599667.4863718478))
139,126.138755,34.46839672,어촌정주어항,보전항,,,,,MULTIPOINT ((874981.8894298949 1609118.4329971764))
1,126.40981,34.846201,어촌정주어항,마동항,전라남도 무안군 삼향읍 왕산리 1107-8,73,물양장 136m; 방파제 53m,2005-11-10,MULTIPOINT ((900330.4722970934 1650714.3685083934))
2,126.388896,34.927408,어촌정주어항,구로항,전라남도 무안군 청계면 구로리 715-20,36,물양장 115m; 방파제 500m,2005-11-12,MULTIPOINT ((898518.2512357561 1659741.328695882))
3,126.335692,34.994787,어촌정주어항,송현항,전라남도 무안군 망운면 송현리 1070-10,36,물양장 11m; 방파제 123m,2005-11-14,MULTIPOINT ((893745.706804774 1667269.144358022))
4,126.297648,34.961641,어촌정주어항,신월항,전라남도 무안군 운남면 내리 1004-4,45,물양장 60m,2005-11-15,MULTIPOINT ((890229.4240230515 1663634.2431583153))
5,126.306351,34.928188,어촌정주어항,남촌항,전라남도 무안군 운남면 성내리 1047-2,25,물양장 70m; 방파제 41m,2005-11-16,MULTIPOINT ((890979.7393105761 1659914.665351613))
6,126.387687,35.085091,어촌정주어항,월두항,전라남도 무안군 현경면 용정리 5,44,물양장 200m,2005-11-17,MULTIPOINT ((898602.6052570399 1677230.1550676147))
7,126.332189,35.062068,어촌정주어항,홀통항,전라남도 무안군 현경면 오류리 1367-2,62,물양장 80m,2005-11-18,MULTIPOINT ((893513.3166547546 1674734.6516485675))
8,126.274459,35.146597,어촌정주어항,닭머리항,전라남도 무안군 해제면 대사리 380-1,20,물양장 63m,2005-11-19,MULTIPOINT ((888364.2790281563 1684172.662650642))
82,126.169506,33.276515,어촌정주어항,신도항,제주특별자치도 서귀포시 대정읍 신도리 3050-4,1,,2005-03-21,MULTIPOINT ((876095.472307458 1476916.5148427286))
83,126.36079,33.236965,어촌정주어항,대평항,제주특별자치도 서귀포시 안덕면 감산리 982-5,7,,2005-03-21,MULTIPOINT ((893862.3230069167 1472320.772147854))
84,126.719193,33.27776,어촌정주어항,남원항,제주특별자치도 서귀포시 남원읍 남원리 91-13,6,,2005-03-21,MULTIPOINT ((927288.7644260532 1476536.9693946305))
85,126.766425,33.298326,어촌정주어항,신흥항,제주특별자치도 서귀포시 남원읍 신흥리 135-5,5,,2005-03-21,MULTIPOINT ((931703.2817717945 1478785.2018896528))
86,126.760164,33.290798,어촌정주어항,태흥3리항,제주특별자치도 서귀포시 남원읍 태흥리 62-29,2,,2005-03-21,MULTIPOINT ((931114.4458307844 1477954.6947421436))
87,126.903122,33.402332,어촌정주어항,온평항,제주특별자치도 서귀포시 성산읍 온평리 1112-6,2,,2005-03-21,MULTIPOINT ((944496.1844920305 1490235.0904317014))
88,126.8814,33.381995,어촌정주어항,신산항,제주특별자치도 서귀포시 성산읍 신산리 565-12,5,,2005-03-21,MULTIPOINT ((942462.8218562037 1487992.1298616794))
89,126.805566,33.303424,어촌정주어항,세화항,제주특별자치도 서귀포시 표선면 세화리 191-3,6,,2005-03-21,MULTIPOINT ((935351.1909130057 1479325.4779896955))
90,126.848375,33.336179,어촌정주어항,하천항,제주특별자치도 서귀포시 표선면 하천리 71-4,0,,2005-03-21,MULTIPOINT ((939359.2833031268 1482931.2750990381))
91,126.290916,33.206074,어촌정주어항,산이수동항,제주특별자치도 서귀포시 대정읍 상모리 130-10,0,,2005-03-21,MULTIPOINT ((887312.3348421836 1468968.8996007736))
92,126.279532,33.442375,어촌정주어항,귀덕2리항,제주특별자치도 한림읍 귀덕2리 4096-1,15,방파제; 선착장 물양장,2004-09-23,MULTIPOINT ((886557.9214743662 1495181.3143318277))
93,126.271214,33.437229,어촌정주어항,용운동항,제주특별자치도 한림읍 수원리 239-6,18,방파제; 선착장 물양장,2004-09-23,MULTIPOINT ((885777.9752169624 1494619.8449314348))
94,126.251302,33.403882,어촌정주어항,옹포항,제주특별자치도 한림읍 옹포리 578-14,18,방파제; 선착장 물양장,2004-09-23,MULTIPOINT ((883882.546581889 1490944.4502053307))
95,126.243991,33.399118,어촌정주어항,협재항,제주특별자치도 한림읍 협재리 1458-2,53,방파제; 선착장 물양장,2004-09-23,MULTIPOINT ((883196.2720431357 1490424.4110537544))
96,126.227849,33.391135,어촌정주어항,금능항,제주특별자치도 한림읍 금능리 1493-10,16,방파제; 선착장 물양장,2004-09-23,MULTIPOINT ((881684.2153868738 1489557.506911621))
97,126.216284,33.378528,어촌정주어항,월령항,제주특별자치도 한림읍 월령리 317-1,5,방파제; 선착장 물양장,2004-09-23,MULTIPOINT ((880591.3106603709 1488172.8738180283))
98,126.40204,33.485044,어촌정주어항,미수동항,제주특별자치도 애월읍 하귀2리 1656-5,11,방파제; 선착장 물양장,2004-09-23,MULTIPOINT ((897995.5770209898 1499785.3116119737))
99,126.392465,33.48676,어촌정주어항,가문동항,제주특별자치도 애월읍 하귀2리 2729-1,11,방파제; 선착장 물양장,2004-09-23,MULTIPOINT ((897108.0110989619 1499985.0239697215))
100,126.377353,33.484192,어촌정주어항,구엄항,제주특별자치도 애월읍 구엄리 607-4,5,방파제; 선착장 물양장,2004-09-23,MULTIPOINT ((895700.930321431 1499715.369605161))
101,126.3511015,33.47381801,어촌정주어항,신엄항,제주특별자치도 애월읍 신엄리 80-1,,방파제; 선착장 물양장,2004-09-23,MULTIPOINT ((893249.1891754348 1498591.8061619182))
102,126.338289,33.467194,어촌정주어항,고내항,제주특별자치도 애월읍 고내리 1111,8,방파제; 선착장 물양장,2004-09-23,MULTIPOINT ((892050.4313362315 1497870.5947161096))
103,126.306495,33.453808,어촌정주어항,곽지항,제주특별자치도 애월읍 곽지리 1565-37,2,방파제; 선착장 물양장,2004-09-23,MULTIPOINT ((889078.8248080129 1496419.8765766013))
104,126.29991,33.447335,어촌정주어항,금성항,제주특별자치도 애월읍 금성리 569-4,1,방파제; 선착장 물양장,2004-09-23,MULTIPOINT ((888458.5095692112 1495709.21329951))
105,126.882803,33.52744,어촌정주어항,하도항,제주특별자치도 구좌읍 하도리 1767-3,5,방파제; 선착장 물양장,2004-09-23,MULTIPOINT ((942689.0840469844 1504116.9524442572))
106,126.840752,33.536484,어촌정주어항,평대항,제주특별자치도 구좌읍 평대리 2025-6,12,방파제; 선착장 물양장,2004-09-23,MULTIPOINT ((938790.6723102517 1505143.708421546))
107,126.830779,33.543162,어촌정주어항,한동항,제주특별자치도 구좌읍 한동리 1368-5,1,방파제; 선착장 물양장,2004-09-23,MULTIPOINT ((937869.4692238139 1505890.0473508365))
108,126.80588,33.556881,어촌정주어항,행원항,제주특별자치도 구좌읍 행원리 1485-15,3,방파제; 선착장 물양장,2004-09-23,MULTIPOINT ((935567.9850848303 1507426.313395361))
109,126.795064,33.557948,어촌정주어항,월정항,제주특별자치도 구좌읍 월정리 652-3,5,방파제; 선착장 물양장,2004-09-23,MULTIPOINT ((934564.7697063648 1507551.3914609426))
110,126.753884,33.558703,어촌정주어항,동김녕항,제주특별자치도 구좌읍 김녕리 1270-2,19,방파제; 선착장 물양장,2004-09-23,MULTIPOINT ((930742.7829568118 1507661.8597735406))
111,126.71405,33.555077,어촌정주어항,동복항,제주특별자치도 구좌읍 동복리 1585-2,2,방파제; 선착장 물양장,2004-09-23,MULTIPOINT ((927042.1081234736 1507287.1598782612))
112,126.693993,33.551144,어촌정주어항,북촌항,제주특별자치도 조천읍 북촌리 1363-2,16,방파제; 선착장 물양장,2004-09-23,MULTIPOINT ((925176.8256122564 1506865.3895295365))
113,126.661345,33.546305,어촌정주어항,함덕항,제주특별자치도 조천읍 함덕리 3113-3,,방파제; 선착장 물양장,2004-09-23,MULTIPOINT ((922141.6255791264 1506352.9108810788))
114,126.618837,33.537445,어촌정주어항,신촌항,제주특별자치도 조천읍 신촌리 2202-4,10,방파제; 선착장 물양장,2004-09-23,MULTIPOINT ((918186.8346916963 1505403.2922408248))
115,126.652684,33.551377,어촌정주어항,신흥항,제주특별자치도 조천읍 신흥리 1-11,,방파제; 선착장 물양장,2004-09-23,MULTIPOINT ((921342.1361467896 1506921.8052210922))
116,126.201424,33.365972,어촌정주어항,판포항,제주특별자치도 한경면 판포리 1703-9,8,방파제; 선착장 물양장,2004-09-23,MULTIPOINT ((879191.6100247959 1486797.8298255047))
117,126.182234,33.357236,어촌정주어항,두모항,제주특별자치도 한경면 두모리 2621-2,3,방파제; 선착장 물양장,2004-09-23,MULTIPOINT ((877393.9590450322 1485851.6211585584))
118,126.166775,33.33676,어촌정주어항,용당항,제주특별자치도 한경면 용당리 3879-3,,방파제; 선착장 물양장,2004-09-23,MULTIPOINT ((875926.49219451 1483599.5788059235))
119,126.167021,33.323484,어촌정주어항,용수리,제주특별자치도 한경면 용수리 4241-7,5,방파제; 선착장 물양장,2004-09-23,MULTIPOINT ((875930.5668121164 1482127.2701361375))
120,126.590682,33.531583,어촌정주어항,삼양1동항,제주특별자치도 제주시 삼양1동 1912-2,12,방파제; 선착장 물양장,2006-03-13,MULTIPOINT ((915566.9492150072 1504775.9109935674))
121,126.576449,33.527715,어촌정주어항,삼양3동항,제주특별자치도 제주시 삼양3동 2621-4,4,방파제; 선착장 물양장,2006-03-13,MULTIPOINT ((914241.5067527354 1504358.7238392793))
122,126.499996,33.518482,어촌정주어항,용담3동항,제주특별자치도 제주시 용담3동 1092,5,방파제; 선착장 물양장,2006-03-13,MULTIPOINT ((907132.1430413158 1503400.8355703745))
123,126.478989,33.509715,어촌정주어항,도두사수항,제주특별자치도 제주시 도두2동 836-7,5,방파제; 선착장 물양장,2006-03-13,MULTIPOINT ((905171.6301742522 1502447.786334891))
124,126.460262,33.504299,어촌정주어항,이호일동항,제주특별자치도 제주시 이호1동 347-8,9,방파제; 선착장 물양장,2006-03-13,MULTIPOINT ((903426.232982773 1501864.5510094317))
125,126.4499832,33.49733386,어촌정주어항,이호현사항,제주특별자치도 제주시 이호2동 1788-8,10,방파제; 선착장 물양장,2006-03-13,MULTIPOINT ((902463.6530252832 1501101.8935255243))
126,126.437811,33.496013,어촌정주어항,내도동,제주특별자치도 제주시 내도동 533-6,4,방파제; 선착장 물양장,2006-03-13,MULTIPOINT ((901331.4266914683 1500966.9456133088))
127,126.425575,33.494307,어촌정주어항,외도연대항,제주특별자치도 제주시 외도2동 1965-38,6,방파제; 선착장 물양장,2006-03-13,MULTIPOINT ((900192.7935334514 1500789.4879129466))
140,126.392426,34.895106,어촌정주어항,복길항,전라남도 무안군 청계면 복길리 470-5,105,물양장 100m; 방파제 112m,2005-11-11,MULTIPOINT ((898801.0377022667 1656155.404675056))
141,126.372907,35.016527,어촌정주어항,장재항,전라남도 무안군 망운면 목서리 839-54,29,물양장 35m,2005-11-13,MULTIPOINT ((897169.2983194569 1669641.236266775))
30,127.740542,34.602746,어촌정주어항,신기항,전라남도 여수시 돌산읍 신복리 1111-14,44,방파제 등,2007-12-31,MULTIPOINT ((1022055.4318318586 1623201.8194396973))
31,127.717392,34.616551,어촌정주어항,서외항,전라남도 여수시 돌산읍  군내리 1072-25,30,방파제 등,2007-12-31,MULTIPOINT ((1019929.4924015859 1624727.829891735))
32,127.804633,34.59605,어촌정주어항,임포항,전라남도 여수시 돌산읍 율림리 1-14,20,방파제 등,2007-12-31,MULTIPOINT ((1027934.2313084163 1622475.1807149798))
33,127.764369,34.593491,어촌정주어항,작금항,전라남도 여수시 돌산읍 금성리 449-6,29,방파제 등,2007-12-31,MULTIPOINT ((1024242.8370620696 1622181.0057331538))
34,127.723066,34.638444,어촌정주어항,금천항,전라남도 여수시 돌산읍 금봉리 1475-23,91,방파제 등,2007-12-31,MULTIPOINT ((1020444.28857274 1627156.6738438131))
35,127.717151,34.642677,어촌정주어항,항대항,전라남도 여수시 돌산읍 금봉리 1540-17,42,방파제 등,2007-12-31,MULTIPOINT ((1019901.1589587771 1627624.887116781))
36,127.731586,34.658468,어촌정주어항,모장항,전라남도 여수시 돌산읍 평사리 991-13,23,방파제 등,2007-12-31,MULTIPOINT ((1021220.056468792 1629378.8982355925))
37,127.745337,34.66762,어촌정주어항,평사항,전라남도 여수시 돌산읍 평사리 1145-19,45,방파제 등,2007-12-31,MULTIPOINT ((1022477.5816726985 1630396.749444643))
38,127.791623,34.667717,어촌정주어항,두룽개항,전라남도 여수시 돌산읍 평사리 283-8,43,방파제 등,2007-12-31,MULTIPOINT ((1026718.2492013538 1630418.8090222208))
39,127.784724,34.702594,어촌정주어항,월전포항,전라남도 여수시 돌산읍 우두리 59-8,20,방파제 등,2007-12-31,MULTIPOINT ((1026075.2297361719 1634284.543783877))
40,127.777875,34.72081,어촌정주어항,상동항,전라남도 여수시 돌산읍 우두리 산72-4,49,방파제 등,2007-12-31,MULTIPOINT ((1025442.4128761733 1636302.7881916547))
41,127.767654,34.725172,어촌정주어항,진목항,전라남도 여수시 돌산읍 우두리 산226-1,54,방파제 등,2007-12-31,MULTIPOINT ((1024505.282006128 1636783.9595896224))
42,127.773271,34.699418,어촌정주어항,굴전항,전라남도 여수시 돌산읍 평사리 산250-1,41,방파제 등,2007-12-31,MULTIPOINT ((1025027.3091232023 1633929.4456166797))
43,127.729391,34.581654,어촌정주어항,독정항,전라남도 여수시 남면 화태리 444-73,53,방파제 등,2007-12-31,MULTIPOINT ((1021038.3045942448 1620860.5659849811))
44,127.727927,34.549331,어촌정주어항,송고항,전라남도 여수시 남면 유송리 653-9,28,방파제 등,2007-12-31,MULTIPOINT ((1020912.1249681936 1617276.0101718016))
45,127.762103,34.535618,어촌정주어항,대유항,전라남도 여수시 남면 유송리 213-5,20,방파제 등,2007-12-31,MULTIPOINT ((1024051.698013492 1615763.0038383242))
46,127.791552,34.490739,어촌정주어항,장지항,전라남도 여수시 남면 심장리 143-4,21,방파제 등,2007-12-31,MULTIPOINT ((1026768.4210339156 1610793.870832679))
47,127.802681,34.490181,어촌정주어항,안도항,전라남도 여수시 남면 안도리 936-4,46,방파제 등,2007-12-31,MULTIPOINT ((1027790.4023891105 1610734.996160264))
48,127.773447,34.498172,어촌정주어항,심포항,전라남도 여수시 남면 심장리 754-2,20,방파제 등,2007-12-31,MULTIPOINT ((1025103.9044325837 1611613.4559110207))
49,127.803957,34.452111,어촌정주어항,역포항,전라남도 여수시 남면 연도리 905-5,22,방파제 등,2007-12-31,MULTIPOINT ((1027920.2332187005 1606513.87480071))
50,127.737404,34.563983,어촌정주어항,대두라항,전라남도 여수시 남면 두라리 307,29,방파제 등,2007-12-31,MULTIPOINT ((1021777.8155090874 1618902.750163779))
51,127.721646,34.577065,어촌정주어항,월호항,전라남도 여수시 화정면 월호리 209-9,39,방파제 등,2007-12-31,MULTIPOINT ((1020329.0976917787 1620350.1103134747))
52,127.67039,34.576027,어촌정주어항,화산항,전라남도 여수시 화정면 개도리 1864-8,72,방파제 등,2007-12-31,MULTIPOINT ((1015628.1491373592 1620225.8803281863))
53,127.652727,34.580116,어촌정주어항,여석항,전라남도 여수시 화정면 개도리 1444-7,23,방파제 등,2007-12-31,MULTIPOINT ((1014007.4136257755 1620676.7115701954))
54,127.654207,34.596366,어촌정주어항,제도항,전라남도 여수시 화정면 제도리 276-8,64,방파제 등,2007-12-31,MULTIPOINT ((1014140.39938526 1622478.8613439393))
55,127.516312,34.625818,어촌정주어항,적금항,전라남도 여수시 화정면 적금리 294-7,34,방파제 등,2007-12-31,MULTIPOINT ((1001495.2411701255 1625734.0835505603))
56,127.490385,34.765454,어촌정주어항,대동항,전라남도 여수시 화정면 여자리 742-7,36,방파제 등,2007-12-31,MULTIPOINT ((999120.1191284513 1641218.32991669))
57,127.512284,34.756736,어촌정주어항,송여자항,전라남도 여수시 화정면 여자리 197-8,19,방파제 등,2007-12-31,MULTIPOINT ((1001124.2426307017 1640251.6015308052))
58,127.642227,34.575813,어촌정주어항,모전항,전라남도 여수시 화정면 개도리 1477-1,27,방파제 등,2007-12-31,MULTIPOINT ((1013045.073693779 1620198.1510090916))
59,127.643851,34.619117,어촌정주어항,백야항,전라남도 여수시 화정면 백야리 41-3,38,방파제 등,2007-12-31,MULTIPOINT ((1013187.1816838135 1625000.2982187022))
60,127.310459,34.050486,어촌정주어항,유촌항,전라남도 여수시 삼산면 동도리 961-4,24,방파제 등,2007-12-31,MULTIPOINT ((982506.6495446052 1561954.9696533605))
61,127.313707,34.043922,어촌정주어항,죽촌항,전라남도 여수시 삼산면 동도리 1578-5,29,방파제 등,2007-12-31,MULTIPOINT ((982805.0934385228 1561226.6088025838))
62,127.249171,34.245874,어촌정주어항,진막항,전라남도 여수시 삼산면 초도리 산108,10,방파제 등,2007-12-31,MULTIPOINT ((976903.4100069131 1583631.9758904446))
63,127.724383,34.71833,어촌정주어항,외동항,전라남도 여수시 경호동 500-25,54,방파제 등,2007-12-31,MULTIPOINT ((1020545.2546086746 1636015.550326095))
64,127.720486,34.708494,어촌정주어항,내동항,전라남도 여수시 경호동 717-1,57,방파제 등,2007-12-31,MULTIPOINT ((1020190.8219628364 1634924.034985955))
65,127.73761,34.7027,어촌정주어항,오복항,전라남도 여수시 경호동 8-11,55,방파제 등,2007-12-31,MULTIPOINT ((1021760.4581597608 1634285.101085446))
66,127.70702,34.710176,어촌정주어항,소경도항,전라남도 여수시 경호동 859-3,28,방파제 등,2007-12-31,MULTIPOINT ((1018957.2985096832 1635107.934367253))
67,127.566664,34.761936,어촌정주어항,섬달천항,전라남도 여수시 소라면 복산리 2086-9,29,방파제 등,2007-12-31,MULTIPOINT ((1006100.7666648381 1640830.1937923024))
68,127.561287,34.793532,어촌정주어항,진목항,전라남도 여수시 소라면 사곡리 1106-5,27,방파제 등,2007-12-31,MULTIPOINT ((1005606.5518411433 1644333.6291485284))
69,127.539294,34.806324,어촌정주어항,봉전항,전라남도 여수시 율촌면 봉전리 179-1,23,방파제 등,2007-12-31,MULTIPOINT ((1003594.0707135707 1645751.158969312))
70,127.56193,34.727644,어촌정주어항,감도항,전라남도 여수시  화양면 이천리 630-6,21,방파제 등,2007-12-31,MULTIPOINT ((1005669.8763639606 1637027.2232964823))
71,127.558669,34.671424,어촌정주어항,이목항,전라남도 여수시  화양면 이목리 1415-6,23,방파제 등,2007-12-31,MULTIPOINT ((1005374.9561071292 1630792.7674532298))
72,127.563327,34.654979,어촌정주어항,가정항,전라남도 여수시  화양면 이목리 552-7,26,방파제 등,2007-12-31,MULTIPOINT ((1005802.8448384058 1628969.4386768262))
73,127.636176,34.70856,어촌정주어항,호두항,전라남도 여수시 화양면 용주리 457-6,39,방파제 등,2007-12-31,MULTIPOINT ((1012470.1872190017 1634917.670936266))
74,127.626556,34.714066,어촌정주어항,고내항,전라남도 여수시 화양면 용주리 595-7,33,방파제 등,2007-12-31,MULTIPOINT ((1011588.4764065729 1635527.0868129835))
75,127.634553,34.63831,어촌정주어항,집앞개항,전라남도 여수시 화양면 안포리 189-9,21,방파제 등,2007-12-31,MULTIPOINT ((1012331.9699405431 1627127.424434003))
76,127.758223,34.795191,어촌정주어항,오천항,전라남도 여수시 오천동 128-2,73,방파제 등,2007-12-31,MULTIPOINT ((1023621.8654287315 1644546.2642063885))
77,127.746848,34.77346,어촌정주어항,만흥항,전라남도 여수시 만흥동 111-7,72,방파제 등,2007-12-31,MULTIPOINT ((1022587.2175797097 1642133.839492393))
78,127.766559,34.807702,어촌정주어항,소치항,전라남도 여수시 신덕동 604-2,56,방파제 등,2007-12-31,MULTIPOINT ((1024380.748653396 1645935.6392559027))
79,127.766339,34.823595,어촌정주어항,신덕항,전라남도 여수시 신덕동 666,277,방파제 등,2007-12-31,MULTIPOINT ((1024355.9488465374 1647698.0122411554))
80,127.709652,34.606562,어촌정주어항,송도동편항,전라남도 여수시 돌산읍  군내리 1421-8,33,방파제 등,2007-12-31,MULTIPOINT ((1019222.2260871939 1623618.6537564888))
130,126.653404,34.328492,어촌정주어항,당인항,전라남도 완도군 군외면 당인리 182-21,120,방파제; 선착장; 물양장; 부잔교 등,2014-12-31,MULTIPOINT ((922119.8837490579 1593088.9634900047))
131,126.848781,34.305296,어촌정주어항,내동항,전라남도 완도군 신지면 월양리 1232-2,35,방파제; 물양장; 부잔교 등,2014-12-31,MULTIPOINT ((940076.862345066 1590384.3498554882))
132,126.857036,34.404745,어촌정주어항,충무항,전라남도 완도군 고금면 덕동리 723-2,35,방파제; 물양장; 부잔교 등,2014-12-31,MULTIPOINT ((940906.3108722204 1601407.1157940945))
133,126.884028,34.213614,어촌정주어항,국화항,전라남도 완도군 청산면 국산리 929-8,42,방파제; 물양장; 부잔교 등,2014-12-31,MULTIPOINT ((943258.7000493786 1580197.9691278357))
134,126.558393,34.167922,어촌정주어항,청별항,전라남도 완도군 보길면 부황리 30-5,42,방파제; 물양장; 도선장; 부잔교 등,2014-12-31,MULTIPOINT ((913214.658845757 1575360.5957174064))
135,126.991298,34.307328,어촌정주어항,용출항,전라남도 완도군 생일면 봉선리 384-19,45,방파제; 물양장; 부잔교 등,2014-12-31,MULTIPOINT ((953192.103437508 1590534.8510752583))
20,127.511323,34.884516,어촌정주어항,대대항,전라남도 순천시 대대동 184-27,16,부잔교1개,2005-01-19,MULTIPOINT ((1001034.6920532552 1654421.4884975702))
21,127.523753,34.844162,어촌정주어항,와온항,전라남도 순천시 해룡면 상내리 614-5,45,인양기2개; 부잔교1개,2005-01-19,MULTIPOINT ((1002171.6019173755 1649946.6821376537))
22,127.448756,34.835732,어촌정주어항,거차항,전라남도 순천시 별량면 마산리 498-4,34,인양기1개; 부잔교1개,2005-01-19,MULTIPOINT ((995314.5742315702 1649012.7915421943))
23,127.432851,34.835235,어촌정주어항,용두항,전라남도 순천시 별량면 구룡리 6-8,5,,2005-01-19,MULTIPOINT ((993860.2849859091 1648958.5358775076))
128,126.988843,34.36166,어촌정주어항,일정항,전라남도 완도군 금일읍 장정리 775-3,78,방파제; 물양장; 호안; 도선장; 선착장; 부잔교등,2013-02-31,MULTIPOINT ((952996.521922128 1596560.6255660462))
129,126.623365,34.202861,어촌정주어항,동천항,전라남도 완도군 노화읍 동천리 1163-16,48,호안; 물양장; 방파제; 진입로; 도선장 등,2013-02-31,MULTIPOINT ((919236.4393182797 1579181.4787299447))
24,126.4221,35.363401,어촌정주어항,대신항,전라남도 영광군 백수읍 해안로6길 20,45,방파제; 물양장; 선양장 등,2010-12-31,MULTIPOINT ((902074.7582947162 1708062.1944036726))
25,126.360422,35.16853,어촌정주어항,향화도항,전라남도 영광군 염산면 향화로 2-10,113,방파제; 물양장; 선양장 등,2010-12-31,MULTIPOINT ((896222.9596177709 1686512.1199009605))
27,126.374557,35.158184,어촌정주어항,함평항,전라남도 함평군 손불면 학산리 산70-59,,부잔교;인양기,2004-12-31,MULTIPOINT ((897497.2549505497 1685350.0242321503))
81,126.371659,35.158244,어촌정주어항,함평항,전라남도 함평군 손불면 학산리 1013-63,38,방파제 등,2004-12-31,MULTIPOINT ((897233.3757071289 1685359.6684309486))
28,126.495714,34.363886,어촌정주어항,내장항,전라남도 해남군 송지면 어란리 77-3,85,방파제;물양장,2008-12-31,MULTIPOINT ((907651.9699472697 1597145.9719603213))
29,126.434087,34.534852,어촌정주어항,한자산소항,전라남도 해남군 황산면 한자리 716-12,49,방파제;물양장,2008-12-31,MULTIPOINT ((902184.4351141383 1616162.7206404284))
