연 번,항 명,주 소,비 고
1,다대포항,부산광역시 사하구 다대로605번길 67,
2,대변항,부산광역시 기장군 기장읍 기장해안로 623,
3,천성항,부산광역시 강서구 가덕해안로 761,
4,어유정항,인천광역시 강화군 삼산면 어류정길177번길 117,
5,덕적도항,인천광역시 옹진군 덕적면 덕적북로518번길 77,
6,진두항,인천광역시 옹진군 영흥면 영흥북로 34,
7,선진포항,인천광역시 옹진군 대청면 대청로 22-2,
8,소래포구항,인천 남동구 장도로 67,
9,정자항,울산광역시 북구 정자1길 60-12,
10,방어진항,울산광역시 동구 성끝4길 1,
11,대진항(강원),강원도 고성군 현내면 대진항길 100,
12,거진항,강원도 고성군 거진읍 거진항1길 62-3,
13,공현진항,강원도 고성군 죽왕면 공현진해변길 78-1,
14,아야진항,강원도 고성군 토성면 아야진해변길 88,
15,대포항,강원도 속초시 대포항희망길 83,
16,수산항,강원도 양양군 손양면 수산1길 26-41,
17,남애항,강원도 양양군 현남면 매바위길 115,
18,사천진항,강원도 강릉시 사천면 진리해변길 68-13,
19,강릉항,강원도 강릉시 창해로 14번길 51-26,
20,금진항,강원도 강릉시 옥계면 헌화로 455-3,
21,덕산항,강원도 삼척시 근덕면 덕산해안로 200-23,
22,궁촌항,강원도 삼척시 근덕면 궁촌해변길 142-7,
23,장호항,강원도 삼척시 근덕면 장호항길 111,
24,임원항,강원도 삼척시 원덕읍 임원항구로 16,
25,죽변항,경상북도 울진군 죽변면 죽변항길 124,
26,오산항,경상북도 울진군 원남면 망양정로 124,
27,사동항(경북),경상북도 울진군 기성면 사동1길 206-9,
28,구산항,경상북도 울진군 기성면 구산봉산로 126-4,
29,대진항(경북),경상북도 영덕군 영해면 영덕대게로 2742,
30,축산항,경상북도 영덕군 축산면 축산항길 75,
31,구계항,경상북도 영덕군 남정면 구계1길 6-7,
32,대보항,경상북도 포항시 남구 호미곶면 구만길 292,
33,양포항,경상북도 포항시 남구 장기면 양포항길 91,
34,감포항,경상북도 경주시 감포읍 감포로2길 103,
35,읍천항,경상북도 경주시 양남면 양남항구길 46,
36,현포항,경상북도 울릉군 북면 울릉순환로 2625,
37,저동항,경상북도 울릉군 울릉읍 봉래1길 19-11,
38,남양항,경상북도 울릉군 서면 울릉순환로 1310,
39,외포항,경상남도 거제시 장목면 외포5길 62,
40,능포항,경상남도거제시능포로16길21 ,
41,지세포항,경상남도 거제시 일운면 지세포해안로 91,
42,구조라항,경상남도 거제시 일운면 구조라로 49,
43,다대다포항,경상남도 거제시 남부면 다대5길 46-1,
44,대포근포항,경상남도 거제시 남부면 대포길 77,
45,장목항,경상남도 거제시 장목면 장목7길 21-1,
46,광암항,경상남도창원시마산합포구진동면해양관광로164-22 ,
47,원전항,경상남도창원시마산합포구구산면이순신로734 ,
48,맥전포항,경상남도 고성군 하일면 춘암1길 130,
49,삼덕항,경상남도 통영시 산양읍 산양일주로 1553-20,
50,호두항,경상남도 통영시 한산면 호두2길 4-1,
51,능양항,경상남도 통영시 사량면 능양길 45,
52,욕지항,경상남도 통영시 욕지면 욕지일주로 53,
53,매물도항,경상남도통영시한산면당금길33 ,
54,신수항,경상남도사천시신수서길1-48 ,
55,물건항,경상남도 남해군 삼동면 동부대로1030번길 42-26,
56,미조항,경상남도 남해군 미조면 미조로 235,
57,남포항,경상남도 고성군 고성읍 공룡로 3070,
58,노량항,경상남도 하동군 금남면 노량해안길 16-1,
59,회진항,전라남도 장흥군 회진면 회진선창길 28,
60,녹동항,전라남도 고흥군 도양읍 목넘가는길 19,
61,풍남항,전라남도 고흥군 풍양면 천마로 1418-17,
62,발포항,전라남도 고흥군 도화면 충무사길 109,
63,여호항,전라남도 고흥군 점암면 여호해안길 81,
64,시산항,전라남도 고흥군 도양읍 시산석금길 26,
65,오천항,전라남도 고흥군 금산면 오천리 133-1,
66,국동항,전라남도 여수시 어항단지로 24,
67,낭도항,전라남도 여수시 화정면 여산길 79,
68,돌산항,전라남도 여수시 돌산읍 망월대길 14,
69,안도항,전라남도 여수시 남면 서고지길 16,
70,연도항(전남),전라남도 여수시 남면 연도길 300-6,
71,초도항,전라남도 여수시 삼산면 대동해안길 32,
72,계마항,전라남도 영광군 홍농읍 계마길 31-59,
73,안마항,전라남도 영광군 낙월면 안마길 17,
74,전장포항,전라남도 신안군 임자면 전장포길 908,
75,우이도항,전라남도 신안군 도초면 우이진리길 16,
76,가거도항,전라남도 신안군 흑산면 가거도길 1,
77,송도항,전라남도 신안군 지도읍 송도2길 66,
78,수품항,전라남도 진도군 의신면 수품길 67,
79,서망항,전라남도 진도군 임회면 서망항길 50-17,
80,서거차항,전라남도 진도군 조도면 서거차도리 210,
81,어란진항,전라남도 해남군 송지면 어란로 469,
82,마량항,전라남도 강진군 마량면 미항로 142,
83,득암항,전라남도 완도군 약산면 득암4번길 48-7,
84,사동항(전남),전라남도 완도군 금일읍 사동길 55-1,
85,도장항,전라남도 완도군 금일읍 화목장정길 267,
86,청산도항,전라남도 완도군 청산면 청산로 5,
87,소안항,전라남도 완도군 금일읍 사동길 55-1,
88,보옥항,전라남도 완도군 보길면 보길로 1172-43,
89,여서항,전라남도 완도군 청산면 여서도길 1-1,
90,이목항,전라남도 완도군 노화읍 노화로 891-31,
91,초평항,전라남도 진도군 의신면 초사리 509-7,
92,어청도항,전라북도 군산시 옥도면 어청도길 49-4,
93,연도항(전북),전라북도 군산시 옥도면 연도1길 1-2,
94,말도항,전라북도 군산시 옥도면 말도길 70,
95,개야도항,전라북도 군산시 옥도면 개야도길 7,
96,격포항,전라북도 부안군 변산면 격포항길 64-7,
97,위도항,전라북도 부안군 위도면 위도로 30,
98,구시포항,전라북도 고창군 상하면 구시포해변길 84,
99,삼길포항,충청남도 서산시 대산읍 삼길포1로 63,
100,모항항,충청남도 태안군 소원면 모항항길 122-42,
101,안흥항,충청남도 태안군 근흥면 안흥1길 36,
102,남당항,충청남도 홍성군 서부면 남당항로213번길 1,
103,오천항,충청남도 보령시 오천면 소성리 700-86,
104,외연도항,충청남도 보령시 오천면 외연도리 472-2,
105,홍원항,충청남도 서천군 서면 홍원길 130-7,
106,장고항,충청남도 당진시 석문면 장고항로 334,
107,무창포항,충남 보령시 웅천읍 열린바다2길 46,
108,궁평항,경기도 화성시 서신면 궁평항로 1049-24,
109,김녕항,제주특별자치도 제주시 구좌읍 구좌해안로 229-16,
110,도두항,제주특별자치도 제주시 도두항길 18,
111,신양항,제주특별자치도 제주시 추자면 추자로 576-4,
112,모슬포항,제주특별자치도 서귀포시 대정읍 하모항구로 30,
113,위미항,제주특별자치도 서귀포시 남원읍 위미중앙로196번길 6-13,
